/*
SQLyog Community v13.1.6 (64 bit)
MySQL - 8.0.19 : Database - test
*********************************************************************
*/

/*!40101 SET NAMES utf8 */;

/*!40101 SET SQL_MODE=''*/;

/*!40014 SET @OLD_UNIQUE_CHECKS=@@UNIQUE_CHECKS, UNIQUE_CHECKS=0 */;
/*!40014 SET @OLD_FOREIGN_KEY_CHECKS=@@FOREIGN_KEY_CHECKS, FOREIGN_KEY_CHECKS=0 */;
/*!40101 SET @OLD_SQL_MODE=@@SQL_MODE, SQL_MODE='NO_AUTO_VALUE_ON_ZERO' */;
/*!40111 SET @OLD_SQL_NOTES=@@SQL_NOTES, SQL_NOTES=0 */;
CREATE DATABASE /*!32312 IF NOT EXISTS*/`test` /*!40100 DEFAULT CHARACTER SET utf8mb4 COLLATE utf8mb4_0900_ai_ci */ /*!80016 DEFAULT ENCRYPTION='N' */;

USE `test`;

/*Table structure for table `department` */

DROP TABLE IF EXISTS `department`;

CREATE TABLE `department` (
  `id` int NOT NULL AUTO_INCREMENT,
  `name` varchar(255) CHARACTER SET utf8 COLLATE utf8_unicode_ci DEFAULT NULL,
  `dept_type` tinyint(1) DEFAULT NULL,
  PRIMARY KEY (`id`)
) ENGINE=InnoDB AUTO_INCREMENT=10 DEFAULT CHARSET=utf8 COLLATE=utf8_unicode_ci;

/*Data for the table `department` */

insert  into `department`(`id`,`name`,`dept_type`) values 
(1,'中医临床学院',1),
(2,'第一临床学院',1),
(3,'针灸骨伤学院',1),
(4,'药学院',1),
(5,'基础医学院',1),
(6,'检验学院',1),
(7,'护理学院',1),
(8,'管理学院',1),
(9,'信息工程学院',1);

/*Table structure for table `menu` */

DROP TABLE IF EXISTS `menu`;

CREATE TABLE `menu` (
  `id` int DEFAULT NULL,
  `menuCode` varchar(8) CHARACTER SET utf8 COLLATE utf8_unicode_ci DEFAULT NULL,
  `menuName` varchar(16) CHARACTER SET utf8 COLLATE utf8_unicode_ci DEFAULT NULL,
  `menuLevel` varchar(2) CHARACTER SET utf8 COLLATE utf8_unicode_ci DEFAULT NULL,
  `menuParentCode` varchar(8) CHARACTER SET utf8 COLLATE utf8_unicode_ci DEFAULT NULL,
  `menuClick` varchar(16) CHARACTER SET utf8 COLLATE utf8_unicode_ci DEFAULT NULL,
  `menuRight` varchar(8) CHARACTER SET utf8 COLLATE utf8_unicode_ci DEFAULT NULL,
  `menuComponent` varchar(200) CHARACTER SET utf8 COLLATE utf8_unicode_ci DEFAULT NULL,
  `menuIcon` varchar(100) CHARACTER SET utf8 COLLATE utf8_unicode_ci DEFAULT NULL
) ENGINE=InnoDB DEFAULT CHARSET=utf8 COLLATE=utf8_unicode_ci;

/*Data for the table `menu` */

insert  into `menu`(`id`,`menuCode`,`menuName`,`menuLevel`,`menuParentCode`,`menuClick`,`menuRight`,`menuComponent`,`menuIcon`) values 
(2,'002','用户管理','1',NULL,'User','0','user/UserManage.vue','el-icon-user-solid'),
(3,'003','项目管理','1',NULL,'Work','0,1,2,3','work/WorkManage.vue','el-icon-s-order');

/*Table structure for table `system_log` */

DROP TABLE IF EXISTS `system_log`;

CREATE TABLE `system_log` (
  `id` varchar(64) CHARACTER SET utf8 COLLATE utf8_unicode_ci NOT NULL,
  `uid` varchar(64) CHARACTER SET utf8 COLLATE utf8_unicode_ci DEFAULT NULL COMMENT '登录人的账号',
  `uname` varchar(255) CHARACTER SET utf8 COLLATE utf8_unicode_ci DEFAULT NULL COMMENT '登录人的姓名',
  `access_ip` varchar(16) CHARACTER SET utf8 COLLATE utf8_unicode_ci DEFAULT NULL COMMENT '访问者的机器ip',
  `operate_func` varchar(255) CHARACTER SET utf8 COLLATE utf8_unicode_ci DEFAULT NULL COMMENT '操作的功能，如登录，插入',
  `visit_method` varchar(255) CHARACTER SET utf8 COLLATE utf8_unicode_ci DEFAULT NULL COMMENT '调用入口的方法名',
  `method_cost_time` int DEFAULT NULL COMMENT '调用方法耗时',
  `log_type` varchar(8) CHARACTER SET utf8 COLLATE utf8_unicode_ci DEFAULT NULL COMMENT '日志等级，如ERROR,DEBUG,INFO',
  `url` varchar(255) CHARACTER SET utf8 COLLATE utf8_unicode_ci DEFAULT NULL COMMENT '访问的路径',
  `method` varchar(8) CHARACTER SET utf8 COLLATE utf8_unicode_ci DEFAULT NULL COMMENT '请求方法，如post,get',
  `visit_method_err_info` varchar(255) CHARACTER SET utf8 COLLATE utf8_unicode_ci DEFAULT NULL COMMENT '访问错误的方法',
  `status` varchar(255) CHARACTER SET utf8 COLLATE utf8_unicode_ci DEFAULT NULL COMMENT '状态值',
  `login_time` datetime DEFAULT NULL COMMENT '用户登录时间',
  `create_time` datetime DEFAULT NULL COMMENT '数据创建时间',
  `update_time` datetime DEFAULT NULL COMMENT '数据更新时间',
  PRIMARY KEY (`id`)
) ENGINE=InnoDB DEFAULT CHARSET=utf8 COLLATE=utf8_unicode_ci;

/*Data for the table `system_log` */

insert  into `system_log`(`id`,`uid`,`uname`,`access_ip`,`operate_func`,`visit_method`,`method_cost_time`,`log_type`,`url`,`method`,`visit_method_err_info`,`status`,`login_time`,`create_time`,`update_time`) values 
('034f0e92-b7a6-454a-b3d0-2fbfefce6cdd','1','测试号','127.0.0.1','退出登录','logout',0,'info','http://127.0.0.1:8081/ms/api/user/logout','POST',NULL,'1','2023-12-11 21:41:46','2023-12-11 21:41:46',NULL),
('13a7bcfa-c900-4719-8a36-e0b06d6e4d52','1','测试号','127.0.0.1','保存任务','save',0,'info','http://127.0.0.1:8081/ms/api/work/save','POST',NULL,'1','2023-11-29 15:28:52','2023-11-29 15:28:52',NULL),
('1d712e71-ec56-42ef-81e0-b9c038ddb0a3','1','测试号','127.0.0.1','保存任务','save',0,'info','http://127.0.0.1:8081/ms/api/work/save','POST',NULL,'1','2023-11-29 15:21:41','2023-11-29 15:21:41',NULL),
('2243bf0b-43f8-4643-97cc-4d94f85f97a3','1','测试号','127.0.0.1','保存任务','save',0,'info','http://127.0.0.1:8081/ms/api/work/save','POST',NULL,'1','2023-11-29 15:24:26','2023-11-29 15:24:26',NULL),
('24666aae-eb3b-4f35-9fe6-edee2fb9b58a','1','测试号','127.0.0.1','保存任务','save',0,'info','http://127.0.0.1:8081/ms/api/work/save','POST',NULL,'1','2023-11-29 15:30:04','2023-11-29 15:30:04',NULL),
('32c27256-a089-41ae-995b-357104a2d91b','1','测试号','127.0.0.1','用户登录','login',0,'info','http://127.0.0.1:8081/ms/login','POST',NULL,'1','2023-12-11 21:50:08','2023-12-11 21:50:08',NULL),
('3e3d124c-f79a-41a1-8e4b-cee6c4b668b7','1','测试号','127.0.0.1','保存用户信息','save',0,'info','http://127.0.0.1:8081/ms/api/user/save','POST',NULL,'1','2023-11-29 15:13:27','2023-11-29 15:13:27',NULL),
('3ecf7d3a-6bab-4eea-a77b-ef4df0665868','1','测试号','127.0.0.1','保存用户信息','save',0,'info','http://127.0.0.1:8081/ms/api/user/save','POST',NULL,'1','2023-11-29 15:16:32','2023-11-29 15:16:32',NULL),
('426c6042-f20d-4fb6-8b36-b7986c519e1a','1','测试号','127.0.0.1','保存用户信息','save',0,'info','http://127.0.0.1:8081/ms/api/user/save','POST',NULL,'1','2023-11-29 15:09:15','2023-11-29 15:09:15',NULL),
('7c3c7f9e-79e7-454f-8b87-4a7d79b56ff3','1','测试号','127.0.0.1','保存任务','save',0,'info','http://127.0.0.1:8081/ms/api/work/save','POST',NULL,'1','2023-11-29 15:02:32','2023-11-29 15:02:32',NULL),
('82675829-45c8-49cf-b2b2-947231375705','1','测试号','127.0.0.1','用户登录','login',0,'info','http://127.0.0.1:8081/ms/login','POST',NULL,'1','2023-11-28 14:21:11','2023-11-28 14:21:11',NULL),
('85596c38-21f4-4ddf-b00d-0d7f764a3fa1','1','测试号','127.0.0.1','保存用户信息','save',0,'info','http://127.0.0.1:8081/ms/api/user/save','POST',NULL,'1','2023-11-29 15:11:08','2023-11-29 15:11:08',NULL),
('8bc5168c-0ef8-4f34-bb19-ae93e7a5d027','1','测试号','127.0.0.1','保存用户信息','save',0,'info','http://127.0.0.1:8081/ms/api/user/save','POST',NULL,'1','2023-11-29 15:15:16','2023-11-29 15:15:16',NULL),
('951aa648-f432-42e5-96fe-0633eb19a990','1','测试号','127.0.0.1','保存用户信息','save',0,'info','http://127.0.0.1:8081/ms/api/user/save','POST',NULL,'1','2023-11-29 15:11:43','2023-11-29 15:11:43',NULL),
('982f6a85-95f6-4d85-8c00-c77ec991a441','1','测试号','127.0.0.1','保存任务','save',0,'info','http://127.0.0.1:8081/ms/api/work/save','POST',NULL,'1','2023-11-29 15:28:34','2023-11-29 15:28:34',NULL),
('9a3c20a7-b9cb-4c00-b482-1a66a1010ebb','1','测试号','127.0.0.1','保存用户信息','save',0,'info','http://127.0.0.1:8081/ms/api/user/save','POST',NULL,'1','2023-11-29 15:14:42','2023-11-29 15:14:42',NULL),
('9a752e64-ae6f-4657-9c6a-c4ba79d78d7e','1','测试号','127.0.0.1','保存用户信息','save',0,'info','http://127.0.0.1:8081/ms/api/user/save','POST',NULL,'1','2023-11-29 15:10:25','2023-11-29 15:10:25',NULL),
('9dd81ca0-0879-40af-82e2-f65a0b950ef5','1','测试号','127.0.0.1','用户登录','login',0,'info','http://127.0.0.1:8081/ms/login','POST',NULL,'1','2023-11-28 14:36:34','2023-11-28 14:36:34',NULL),
('a26911d2-2b50-4f1e-9cb3-852b2f756c78','1','测试号','127.0.0.1','用户登录','login',0,'info','http://127.0.0.1:8081/ms/login','POST',NULL,'1','2023-11-29 14:41:57','2023-11-29 14:41:57',NULL),
('ba18b7a2-5ff5-458b-953e-cd45248243de','1','测试号','127.0.0.1','保存用户信息','save',0,'info','http://127.0.0.1:8081/ms/api/user/save','POST',NULL,'1','2023-11-29 15:15:26','2023-11-29 15:15:26',NULL),
('c115722c-b1be-4d30-8eef-f9a16687f6ab','1','测试号','127.0.0.1','保存任务','save',0,'info','http://127.0.0.1:8081/ms/api/work/save','POST',NULL,'1','2023-11-29 15:23:46','2023-11-29 15:23:46',NULL),
('d854d4f3-f3ce-496e-af0c-c568d439c76e','1','测试号','127.0.0.1','保存任务','save',0,'info','http://127.0.0.1:8081/ms/api/work/save','POST',NULL,'1','2023-11-29 15:25:21','2023-11-29 15:25:21',NULL),
('da5aa055-c0ed-43fd-a65a-5c5f2e97d9bc','1','测试号','127.0.0.1','保存任务','save',0,'info','http://127.0.0.1:8081/ms/api/work/save','POST',NULL,'1','2023-11-29 15:25:38','2023-11-29 15:25:38',NULL),
('ded85c8c-e592-4b48-b872-5561d52fdcd6','1','测试号','127.0.0.1','保存用户信息','save',0,'info','http://127.0.0.1:8081/ms/api/user/save','POST',NULL,'1','2023-11-29 15:09:50','2023-11-29 15:09:50',NULL);

/*Table structure for table `user` */

DROP TABLE IF EXISTS `user`;

CREATE TABLE `user` (
  `id` bigint NOT NULL AUTO_INCREMENT,
  `job_num` varchar(50) CHARACTER SET utf8 COLLATE utf8_unicode_ci DEFAULT NULL,
  `username` varchar(255) CHARACTER SET utf8 COLLATE utf8_unicode_ci DEFAULT NULL,
  `password` varchar(255) CHARACTER SET utf8 COLLATE utf8_unicode_ci DEFAULT NULL,
  `salt` varchar(255) CHARACTER SET utf8 COLLATE utf8_unicode_ci DEFAULT NULL,
  `age` int DEFAULT NULL,
  `sex` int DEFAULT NULL,
  `role_id` int DEFAULT NULL,
  `department` varchar(255) CHARACTER SET utf8 COLLATE utf8_unicode_ci DEFAULT NULL,
  `create_time` datetime DEFAULT NULL,
  `creater` varchar(64) CHARACTER SET utf8 COLLATE utf8_unicode_ci DEFAULT NULL,
  `update_time` datetime DEFAULT NULL,
  `updater` varchar(64) CHARACTER SET utf8 COLLATE utf8_unicode_ci DEFAULT NULL,
  `deleted` tinyint(1) DEFAULT '0',
  `deleter` varchar(64) CHARACTER SET utf8 COLLATE utf8_unicode_ci DEFAULT NULL,
  `status` int DEFAULT '1',
  `last_login_time` datetime DEFAULT NULL,
  `error_count` int NOT NULL DEFAULT '0',
  PRIMARY KEY (`id`),
  UNIQUE KEY `udx_job_num` (`job_num`) USING BTREE
) ENGINE=InnoDB AUTO_INCREMENT=1729761240903938050 DEFAULT CHARSET=utf8 COLLATE=utf8_unicode_ci;

/*Data for the table `user` */

insert  into `user`(`id`,`job_num`,`username`,`password`,`salt`,`age`,`sex`,`role_id`,`department`,`create_time`,`creater`,`update_time`,`updater`,`deleted`,`deleter`,`status`,`last_login_time`,`error_count`) values 
(1,'1656','测试号','8c6b0b1e80f8ff10376a9a375eb239ce','io1b86mh7nc9mopq',25,0,1,'9','2023-06-02 13:28:49','0','2023-10-22 09:04:23','1',0,NULL,1,'2023-09-14 09:41:18',0),
(2,'1633','邓测试','8c6b0b1e80f8ff10376a9a375eb239ce','h3zofljivc1b540q',35,0,3,'9','2023-06-02 13:28:49','1','2023-07-11 17:05:47','2',0,NULL,1,'2023-07-17 08:59:36',8),
(3,'2688','柳测试','8c6b0b1e80f8ff10376a9a375eb239ce','6mmcjyeauwil3lkf',40,1,2,'9','2023-06-02 13:31:26','1',NULL,NULL,0,NULL,1,'2023-07-17 08:59:14',8),
(1729759407179395074,'1700','塑心','8c6b0b1e80f8ff10376a9a375eb239ce',NULL,18,0,3,'1','2023-11-29 15:09:15','1',NULL,NULL,0,NULL,1,NULL,0),
(1729759554504323073,'1701','薇薇安娜','8c6b0b1e80f8ff10376a9a375eb239ce',NULL,19,0,3,'2','2023-11-29 15:09:50','1',NULL,NULL,0,NULL,1,NULL,0),
(1729759702294818817,'1702','艾雅法拉','8c6b0b1e80f8ff10376a9a375eb239ce',NULL,20,0,3,'3','2023-11-29 15:10:25','1',NULL,NULL,0,NULL,1,NULL,0),
(1729759883379699714,'1703','赫德雷','8c6b0b1e80f8ff10376a9a375eb239ce',NULL,30,1,3,'4','2023-11-29 15:11:08','1',NULL,NULL,0,NULL,1,NULL,0),
(1729760027193995265,'1704','伊内丝','8c6b0b1e80f8ff10376a9a375eb239ce',NULL,22,0,3,'5','2023-11-29 15:11:43','1',NULL,NULL,0,NULL,1,NULL,0),
(1729760465876250625,'1705','仇白','8c6b0b1e80f8ff10376a9a375eb239ce',NULL,24,0,3,'6','2023-11-29 15:13:27','1',NULL,NULL,0,NULL,1,NULL,0),
(1729760780675543041,'1706','史尔特尔','8c6b0b1e80f8ff10376a9a375eb239ce',NULL,60,0,3,'7','2023-11-29 15:14:42','1',NULL,NULL,0,NULL,1,NULL,0),
(1729760923952967682,'1707','森蚺','8c6b0b1e80f8ff10376a9a375eb239ce',NULL,22,0,3,'8','2023-11-29 15:15:16','1','2023-11-29 15:15:26','1',0,NULL,1,NULL,0),
(1729761240903938049,'1708','银灰','8c6b0b1e80f8ff10376a9a375eb239ce',NULL,25,1,3,'9','2023-11-29 15:16:32','1',NULL,NULL,0,NULL,1,NULL,0);

/*Table structure for table `work` */

DROP TABLE IF EXISTS `work`;

CREATE TABLE `work` (
  `wId` int NOT NULL AUTO_INCREMENT,
  `workName` varchar(255) CHARACTER SET utf8 COLLATE utf8_unicode_ci DEFAULT NULL,
  `subWork` varchar(255) CHARACTER SET utf8 COLLATE utf8_unicode_ci DEFAULT NULL,
  `workType` int DEFAULT NULL,
  `wDepartment` varchar(255) CHARACTER SET utf8 COLLATE utf8_unicode_ci DEFAULT NULL,
  `workContent` varchar(255) CHARACTER SET utf8 COLLATE utf8_unicode_ci DEFAULT NULL,
  `workMouth` int DEFAULT NULL,
  `workYear` int DEFAULT NULL,
  `create_time` datetime DEFAULT NULL,
  `creater` varchar(64) CHARACTER SET utf8 COLLATE utf8_unicode_ci DEFAULT NULL,
  `update_time` datetime DEFAULT NULL,
  `updater` varchar(64) CHARACTER SET utf8 COLLATE utf8_unicode_ci DEFAULT NULL,
  `deleted` tinyint(1) DEFAULT NULL,
  `deleter` varchar(64) CHARACTER SET utf8 COLLATE utf8_unicode_ci DEFAULT NULL,
  `status` int DEFAULT '1',
  `finishStatus` int DEFAULT NULL,
  `note` text CHARACTER SET utf8 COLLATE utf8_unicode_ci,
  PRIMARY KEY (`wId`) USING BTREE
) ENGINE=InnoDB AUTO_INCREMENT=21794 DEFAULT CHARSET=utf8 COLLATE=utf8_unicode_ci;

/*Data for the table `work` */

insert  into `work`(`wId`,`workName`,`subWork`,`workType`,`wDepartment`,`workContent`,`workMouth`,`workYear`,`create_time`,`creater`,`update_time`,`updater`,`deleted`,`deleter`,`status`,`finishStatus`,`note`) values 
(1000,'党建工作','领导班子与组织建设工作',1,'9','1.院党委召开2022年度民主生活会',2,2023,NULL,'1','2023-09-21 23:42:15','3',0,NULL,1,2,''),
(1001,'党建工作','领导班子与组织建设工作',1,'9','2.召开院党委会、院党政联席会123',2,2023,NULL,'1','2023-06-09 12:51:57','2',0,NULL,1,0,NULL),
(1002,'党建工作','领导班子与组织建设工作',1,'9','3.开展2月份“支部主题党日”活动、师生政治理论学习',2,2023,NULL,'1','2023-07-01 12:00:50','1',0,NULL,1,0,NULL),
(1003,'党建工作','领导班子与组织建设工作',1,'9','4.填报学校2023年重点工作清单',2,2023,NULL,'1','2023-06-13 18:31:10','1',0,NULL,1,0,NULL),
(1004,'党建工作','领导班子与组织建设工作',1,'9','5.专题研究部署工作',2,2023,NULL,'1',NULL,NULL,0,NULL,1,NULL,NULL),
(1005,'党建工作','领导班子与组织建设工作',1,'1','1.开展2022年度各支部组织生活会',3,2023,NULL,'1',NULL,NULL,0,NULL,1,NULL,NULL),
(1006,'党建工作','领导班子与组织建设工作',1,'1','2.召开院党委会、院党政联席会',3,2023,NULL,'1',NULL,NULL,0,NULL,1,NULL,NULL),
(1007,'党建工作','领导班子与组织建设工作',1,'1','3.开展3月份“支部主题党日”活动',3,2023,NULL,'1',NULL,NULL,0,NULL,1,NULL,NULL),
(1008,'党建工作','领导班子与组织建设工作',1,'1','4.入党积极分子确定',3,2023,NULL,'1',NULL,NULL,0,NULL,1,NULL,NULL),
(1009,'党建工作','领导班子与组织建设工作',1,'1','5.编报学院“三个清单”相关内容',3,2023,NULL,'1',NULL,NULL,0,NULL,1,NULL,NULL),
(1010,'党建工作','领导班子与组织建设工作',1,'2','1.召开院党委会、院党政联席会',4,2023,NULL,'1',NULL,NULL,0,NULL,1,NULL,NULL),
(1011,'党建工作','领导班子与组织建设工作',1,'2','2.开展4月份“支部主题党日”活动',4,2023,NULL,'1',NULL,NULL,0,NULL,1,NULL,NULL),
(1012,'党建工作','领导班子与组织建设工作',1,'2','3.发展对象确定与政审；86期党校培训开课',4,2023,NULL,'1',NULL,NULL,0,NULL,1,NULL,NULL),
(1013,'党建工作','领导班子与组织建设工作',1,'2','4.工作作风建设',4,2023,NULL,'1',NULL,NULL,0,NULL,1,NULL,NULL),
(1014,'党建工作','领导班子与组织建设工作',1,'2','1.召开院党委会、院党政联席会',5,2023,NULL,'1',NULL,NULL,0,NULL,1,NULL,NULL),
(1015,'党建工作','领导班子与组织建设工作',1,'2','2.开展5月份“支部主题党日”活动',5,2023,NULL,'1',NULL,NULL,0,NULL,1,NULL,NULL),
(1016,'党建工作','领导班子与组织建设工作',1,'2','3.2023年上半年预备党员发展与预备党员转正',5,2023,NULL,'1',NULL,NULL,0,NULL,1,NULL,NULL),
(1017,'党建工作','领导班子与组织建设工作',1,'3','4.党员红色基地教育实践活动',5,2023,NULL,'1',NULL,NULL,0,NULL,1,NULL,NULL),
(1018,'党建工作','领导班子与组织建设工作',1,'3','1.召开院党委会、院党政联席会',6,2023,NULL,'1',NULL,NULL,0,NULL,1,NULL,NULL),
(1019,'党建工作','领导班子与组织建设工作',1,'3','2.开展6月份“支部主题党日”活动',6,2023,NULL,'1',NULL,NULL,0,NULL,1,NULL,NULL),
(1020,'党建工作','领导班子与组织建设工作',1,'3','3.各支部书记讲党课（6.15）',6,2023,NULL,'1',NULL,NULL,0,NULL,1,NULL,NULL),
(1021,'党建工作','领导班子与组织建设工作',1,'3','4.2023届学生党员毕业教育与党组织关系转接',6,2023,NULL,'1',NULL,NULL,0,NULL,1,NULL,NULL),
(1022,'党建工作','领导班子与组织建设工作',1,'3','1.庆祝建党系列活动',7,2023,NULL,'1',NULL,NULL,0,NULL,1,NULL,NULL),
(1023,'党建工作','领导班子与组织建设工作',1,'4','2.召开党委会、党政联席会',7,2023,NULL,'1',NULL,NULL,0,NULL,1,NULL,NULL),
(1024,'党建工作','领导班子与组织建设工作',1,'4','3.开展7月份“支部主题党日”活动',7,2023,NULL,'1',NULL,NULL,0,NULL,1,NULL,NULL),
(1025,'党建工作','领导班子与组织建设工作',1,'4','1.开展8月份“支部主题党日”活动',8,2023,NULL,'1',NULL,NULL,0,NULL,1,NULL,NULL),
(1026,'党建工作','领导班子与组织建设工作',1,'4','1.召开院党委会、院党政联席会',9,2023,NULL,'1',NULL,NULL,0,NULL,1,NULL,NULL),
(1027,'党建工作','领导班子与组织建设工作',1,'4','2.开展9月份“支部主题党日”活动',9,2023,NULL,'1',NULL,NULL,0,NULL,1,NULL,NULL),
(1028,'党建工作','领导班子与组织建设工作',1,'5','3.入学新生入党积极分子、党员身份核查相关工作',9,2023,NULL,'1',NULL,NULL,0,NULL,1,NULL,NULL),
(1029,'党建工作','领导班子与组织建设工作',1,'5','1.召开院党委会、院党政联席会',10,2023,NULL,'1',NULL,NULL,0,NULL,1,NULL,NULL),
(1030,'党建工作','领导班子与组织建设工作',1,'5','2.开展10月份“支部主题党日”活动',10,2023,NULL,'1',NULL,NULL,0,NULL,1,NULL,NULL),
(1031,'党建工作','领导班子与组织建设工作',1,'6','3.开展党员下基层活动',10,2023,NULL,'1',NULL,NULL,0,NULL,1,NULL,NULL),
(1032,'党建工作','领导班子与组织建设工作',1,'6','1.召开院党委会、院党政联席会',11,2023,NULL,'1',NULL,NULL,0,NULL,1,NULL,NULL),
(1033,'党建工作','领导班子与组织建设工作',1,'6','2.开展11月份“支部主题党日”活动3.党员发展对象确定与政审；党校培训开课',11,2023,NULL,'1',NULL,NULL,0,NULL,1,NULL,NULL),
(1034,'党建工作','领导班子与组织建设工作',1,'7','4.党建工作总结',11,2023,NULL,'1',NULL,NULL,0,NULL,1,NULL,NULL),
(1035,'党建工作','领导班子与组织建设工作',1,'7','1.召开院党委会、院党政联席会',12,2023,NULL,'1',NULL,NULL,0,NULL,1,NULL,NULL),
(1036,'党建工作','领导班子与组织建设工作',1,'7','2.开展12月份“支部主题党日”活动',12,2023,NULL,'1',NULL,NULL,0,NULL,1,NULL,NULL),
(1037,'党建工作','领导班子与组织建设工作',1,'8','3.2023年下半年预备党员发展与预备党员转正',12,2023,NULL,'1',NULL,NULL,0,NULL,1,NULL,NULL),
(1038,'党建工作','领导班子与组织建设工作',1,'8','4.开展元旦、春节慰问困难党员活动',12,2023,NULL,'1',NULL,NULL,0,NULL,1,NULL,NULL),
(1039,'党建工作','领导班子与组织建设工作',1,'8','5.2023年工作总结及2024年工作要点',12,2023,NULL,'1',NULL,NULL,0,NULL,1,NULL,NULL),
(1040,'党建工作','党风廉政建设工作',1,'8','1.专题研究党风廉政建设',2,2023,NULL,'1','2023-11-19 14:50:47','1',0,NULL,0,0,NULL),
(1041,'党建工作','党风廉政建设工作',1,'8','1.纪检小组对党风廉政建设情况进行监督检查',3,2023,NULL,'1',NULL,NULL,0,NULL,1,NULL,NULL),
(1042,'党建工作','党风廉政建设工作',1,'9','1.严格执行“三重一大”相关规定，重大事项通过党政联席会议',4,2023,NULL,'1',NULL,NULL,0,NULL,1,NULL,NULL),
(1043,'党建工作','党风廉政建设工作',1,'9','1.纪检小组对党风廉政建设情况进行监督检查',5,2023,NULL,'1',NULL,NULL,0,NULL,1,NULL,NULL),
(1044,'党建工作','党风廉政建设工作',1,'9','1.纪检小组对党风廉政建设情况进行监督检查',6,2023,NULL,'1',NULL,NULL,0,NULL,1,NULL,NULL),
(1045,'党建工作','党风廉政建设工作',1,'9','1.召开会议专题研究党风廉政建设',9,2023,NULL,'1',NULL,NULL,0,NULL,1,NULL,NULL),
(1046,'党建工作','党风廉政建设工作',1,'9','2.积极组织教职工参与党风廉政宣传教育月活动',9,2023,NULL,'1',NULL,NULL,0,NULL,1,NULL,NULL),
(1047,'党建工作','党风廉政建设工作',1,'9','1.纪检小组对党风廉政建设情况进行监督检查',10,2023,NULL,'1',NULL,NULL,0,NULL,1,NULL,NULL),
(1048,'党建工作','党风廉政建设工作',1,'9','1.梳理年度任务分解清单中的各项任务落实情况',11,2023,NULL,'1',NULL,NULL,0,NULL,1,NULL,NULL),
(1049,'党建工作','党风廉政建设工作',1,'9','2.纪检小组对“三重一大”事项进行督导检查',11,2023,NULL,'1',NULL,NULL,0,NULL,1,NULL,NULL),
(1050,'党建工作','党风廉政建设工作',1,'9','1.学院党风廉政建设情况报告',12,2023,NULL,'1',NULL,NULL,0,NULL,1,NULL,NULL),

(2001, '后勤工作', '领导班子与组织建设工作', 2, '9', '3.入党积极分子确定', 1, 2022, '2023-12-19 22:48:01', '1', NULL, NULL, 0, NULL, 1, 4, NULL),
(2002, '科研工作', '党风廉政建设工作', 1, '4', '1.召开院党委会', 1, 2022, '2023-12-19 22:48:01', '1', NULL, NULL, 0, NULL, 1, 2, NULL),
(2003, '后勤工作', '党风廉政建设工作', 3, '5', '3.召开院党委会、院党政联席会', 1, 2022, '2023-12-19 22:48:01', '1', NULL, NULL, 0, NULL, 1, 2, NULL),
(2004, '科研工作', '领导班子与组织建设工作', 2, '3', '9.召开院党委会、院党政联席会', 1, 2022, '2023-12-19 22:48:01', '1', NULL, NULL, 0, NULL, 1, 3, NULL),
(2005, '招生工作', '党风廉政建设工作', 1, '5', '4.梳理年度任务分解清单中的各项任务落实情况', 1, 2022, '2023-12-19 22:48:01', '1', NULL, NULL, 0, NULL, 1, 2, NULL),
(2006, '后勤工作', '党风廉政建设工作', 4, '6', '5.召开院党委会、院党政联席会', 1, 2022, '2023-12-19 22:48:01', '1', NULL, NULL, 0, NULL, 1, 3, NULL),
(2007, '财务工作', '领导班子与组织建设工作', 4, '3', '3.召开院党委会、院党政联席会', 1, 2022, '2023-12-19 22:48:01', '1', NULL, NULL, 0, NULL, 1, 4, NULL),
(2008, '科研工作', '领导班子与组织建设工作', 1, '2', '6.梳理年度任务分解清单中的各项任务落实情况', 1, 2022, '2023-12-19 22:48:01', '1', NULL, NULL, 0, NULL, 1, 3, NULL),
(2009, '后勤工作', '领导班子与组织建设工作', 3, '8', '5.校党委专项检查工作', 1, 2022, '2023-12-19 22:48:01', '1', NULL, NULL, 0, NULL, 1, 4, NULL),
(2010, '后勤工作', '党风廉政建设工作', 3, '2', '5.专题研究部署工作', 1, 2022, '2023-12-19 22:48:01', '1', NULL, NULL, 0, NULL, 1, 3, NULL),
(2011, '后勤工作', '党风廉政建设工作', 4, '3', '6.专题研究部署工作', 1, 2022, '2023-12-19 22:48:01', '1', NULL, NULL, 0, NULL, 1, 3, NULL),
(2012, '学生工作', '领导班子与组织建设工作', 3, '5', '8.召开院党委会', 1, 2022, '2023-12-19 22:48:01', '1', NULL, NULL, 0, NULL, 1, 4, NULL),
(2013, '招生工作', '领导班子与组织建设工作', 4, '7', '5.梳理年度任务分解清单中的各项任务落实情况', 1, 2022, '2023-12-19 22:48:01', '1', NULL, NULL, 0, NULL, 1, 2, NULL),
(2014, '财务工作', '党风廉政建设工作', 2, '7', '3.校党委专项检查工作', 1, 2022, '2023-12-19 22:48:01', '1', NULL, NULL, 0, NULL, 1, 1, NULL),
(2015, '后勤工作', '党风廉政建设工作', 1, '3', '4.入党积极分子确定', 1, 2022, '2023-12-19 22:48:01', '1', NULL, NULL, 0, NULL, 1, 3, NULL),
(2016, '财务工作', '领导班子与组织建设工作', 3, '6', '3.召开院党委会、院党政联席会', 1, 2022, '2023-12-19 22:48:01', '1', NULL, NULL, 0, NULL, 1, 2, NULL),
(2017, '财务工作', '领导班子与组织建设工作', 3, '8', '3.专题研究部署工作', 1, 2022, '2023-12-19 22:48:01', '1', NULL, NULL, 0, NULL, 1, 4, NULL),
(2018, '学生工作', '党风廉政建设工作', 4, '9', '1.入党积极分子确定', 1, 2022, '2023-12-19 22:48:01', '1', NULL, NULL, 0, NULL, 1, 2, NULL),
(2019, '科研工作', '党风廉政建设工作', 3, '7', '2.庆祝建党系列活动', 1, 2022, '2023-12-19 22:48:01', '1', NULL, NULL, 0, NULL, 1, 1, NULL),
(2020, '学生工作', '党风廉政建设工作', 4, '7', '3.专题研究部署工作', 1, 2022, '2023-12-19 22:48:01', '1', NULL, NULL, 0, NULL, 1, 4, NULL),
(2021, '党建工作', '领导班子与组织建设工作', 4, '7', '1.校党委专项检查工作', 1, 2022, '2023-12-19 22:48:01', '1', NULL, NULL, 0, NULL, 1, 1, NULL),
(2022, '财务工作', '领导班子与组织建设工作', 4, '8', '2.校党委专项检查工作', 1, 2022, '2023-12-19 22:48:01', '1', NULL, NULL, 0, NULL, 1, 2, NULL),
(2023, '教学工作', '领导班子与组织建设工作', 4, '7', '2.庆祝建党系列活动', 1, 2022, '2023-12-19 22:48:01', '1', NULL, NULL, 0, NULL, 1, 1, NULL),
(2024, '财务工作', '党风廉政建设工作', 2, '8', '5.梳理年度任务分解清单中的各项任务落实情况', 1, 2022, '2023-12-19 22:48:01', '1', NULL, NULL, 0, NULL, 1, 1, NULL),
(2025, '财务工作', '领导班子与组织建设工作', 1, '6', '3.校党委专项检查工作', 1, 2022, '2023-12-19 22:48:01', '1', NULL, NULL, 0, NULL, 1, 1, NULL),
(2026, '教学工作', '党风廉政建设工作', 1, '2', '1.召开会议专题研究党风廉政建设', 1, 2022, '2023-12-19 22:48:01', '1', NULL, NULL, 0, NULL, 1, 4, NULL),
(2027, '学生工作', '党风廉政建设工作', 2, '3', '10.专题研究部署工作', 1, 2022, '2023-12-19 22:48:01', '1', NULL, NULL, 0, NULL, 1, 3, NULL),
(2028, '学生工作', '领导班子与组织建设工作', 4, '1', '3.召开院党委会', 1, 2022, '2023-12-19 22:48:01', '1', NULL, NULL, 0, NULL, 1, 4, NULL),
(2029, '学生工作', '党风廉政建设工作', 2, '8', '4.校党委专项检查工作', 1, 2022, '2023-12-19 22:48:01', '1', NULL, NULL, 0, NULL, 1, 1, NULL),
(2030, '教学工作', '党风廉政建设工作', 1, '5', '10.召开院党委会、院党政联席会', 1, 2022, '2023-12-19 22:48:01', '1', NULL, NULL, 0, NULL, 1, 4, NULL),
(2031, '招生工作', '党风廉政建设工作', 2, '5', '7.校党委专项检查工作', 1, 2022, '2023-12-19 22:48:01', '1', NULL, NULL, 0, NULL, 1, 4, NULL),
(2032, '招生工作', '党风廉政建设工作', 3, '4', '2.入党积极分子确定', 1, 2022, '2023-12-19 22:48:01', '1', NULL, NULL, 0, NULL, 1, 3, NULL),
(2033, '后勤工作', '领导班子与组织建设工作', 4, '9', '2.校党委专项检查工作', 1, 2022, '2023-12-19 22:48:01', '1', NULL, NULL, 0, NULL, 1, 2, NULL),
(2034, '学生工作', '党风廉政建设工作', 1, '2', '4.召开院党委会', 1, 2022, '2023-12-19 22:48:01', '1', NULL, NULL, 0, NULL, 1, 2, NULL),
(2035, '学生工作', '领导班子与组织建设工作', 3, '9', '1.各支部书记讲党课', 1, 2022, '2023-12-19 22:48:01', '1', NULL, NULL, 0, NULL, 1, 3, NULL),
(2036, '后勤工作', '领导班子与组织建设工作', 2, '1', '5.召开院党委会', 1, 2022, '2023-12-19 22:48:01', '1', NULL, NULL, 0, NULL, 1, 2, NULL),
(2037, '招生工作', '党风廉政建设工作', 1, '8', '4.召开会议专题研究党风廉政建设', 1, 2022, '2023-12-19 22:48:01', '1', NULL, NULL, 0, NULL, 1, 2, NULL),
(2038, '科研工作', '党风廉政建设工作', 2, '2', '4.专题研究部署工作', 1, 2022, '2023-12-19 22:48:01', '1', NULL, NULL, 0, NULL, 1, 1, NULL),
(2039, '教学工作', '党风廉政建设工作', 1, '5', '2.庆祝建党系列活动', 1, 2022, '2023-12-19 22:48:01', '1', NULL, NULL, 0, NULL, 1, 1, NULL),
(2040, '财务工作', '党风廉政建设工作', 4, '7', '2.召开会议专题研究党风廉政建设', 1, 2022, '2023-12-19 22:48:01', '1', NULL, NULL, 0, NULL, 1, 3, NULL),
(2041, '财务工作', '党风廉政建设工作', 3, '6', '4.庆祝建党系列活动', 1, 2022, '2023-12-19 22:48:01', '1', NULL, NULL, 0, NULL, 1, 1, NULL),
(2042, '财务工作', '领导班子与组织建设工作', 4, '8', '1.校党委专项检查工作', 1, 2022, '2023-12-19 22:48:01', '1', NULL, NULL, 0, NULL, 1, 2, NULL),
(2043, '后勤工作', '领导班子与组织建设工作', 1, '1', '1.校党委专项检查工作', 1, 2022, '2023-12-19 22:48:01', '1', NULL, NULL, 0, NULL, 1, 2, NULL),
(2044, '党建工作', '党风廉政建设工作', 1, '1', '2.入党积极分子确定', 1, 2022, '2023-12-19 22:48:01', '1', NULL, NULL, 0, NULL, 1, 1, NULL),
(2045, '招生工作', '党风廉政建设工作', 4, '5', '4.各支部书记讲党课', 1, 2022, '2023-12-19 22:48:01', '1', NULL, NULL, 0, NULL, 1, 3, NULL),
(2046, '后勤工作', '党风廉政建设工作', 1, '2', '2.校党委专项检查工作', 1, 2022, '2023-12-19 22:48:01', '1', NULL, NULL, 0, NULL, 1, 2, NULL),
(2047, '学生工作', '党风廉政建设工作', 3, '5', '10.梳理年度任务分解清单中的各项任务落实情况', 1, 2022, '2023-12-19 22:48:01', '1', NULL, NULL, 0, NULL, 1, 2, NULL),
(2048, '学生工作', '领导班子与组织建设工作', 1, '9', '8.校党委专项检查工作', 1, 2022, '2023-12-19 22:48:01', '1', NULL, NULL, 0, NULL, 1, 3, NULL),
(2049, '教学工作', '领导班子与组织建设工作', 2, '7', '6.召开院党委会、院党政联席会', 1, 2022, '2023-12-19 22:48:01', '1', NULL, NULL, 0, NULL, 1, 2, NULL),
(2050, '后勤工作', '领导班子与组织建设工作', 1, '3', '2.召开会议专题研究党风廉政建设', 1, 2022, '2023-12-19 22:48:01', '1', NULL, NULL, 0, NULL, 1, 4, NULL),
(2051, '学生工作', '领导班子与组织建设工作', 4, '2', '8.庆祝建党系列活动', 2, 2022, '2023-12-19 22:48:01', '1', NULL, NULL, 0, NULL, 1, 4, NULL),
(2052, '学生工作', '党风廉政建设工作', 1, '7', '10.各支部书记讲党课', 2, 2022, '2023-12-19 22:48:01', '1', NULL, NULL, 0, NULL, 1, 2, NULL),
(2053, '党建工作', '领导班子与组织建设工作', 4, '7', '3.校党委专项检查工作', 2, 2022, '2023-12-19 22:48:01', '1', NULL, NULL, 0, NULL, 1, 3, NULL),
(2054, '后勤工作', '党风廉政建设工作', 2, '5', '5.召开院党委会', 2, 2022, '2023-12-19 22:48:01', '1', NULL, NULL, 0, NULL, 1, 2, NULL),
(2055, '教学工作', '领导班子与组织建设工作', 4, '2', '9.召开会议专题研究党风廉政建设', 2, 2022, '2023-12-19 22:48:01', '1', NULL, NULL, 0, NULL, 1, 2, NULL),
(2056, '招生工作', '党风廉政建设工作', 3, '8', '2.党员红色基地教育实践活动', 2, 2022, '2023-12-19 22:48:01', '1', NULL, NULL, 0, NULL, 1, 4, NULL),
(2057, '党建工作', '领导班子与组织建设工作', 4, '4', '8.庆祝建党系列活动', 2, 2022, '2023-12-19 22:48:01', '1', NULL, NULL, 0, NULL, 1, 4, NULL),
(2058, '科研工作', '党风廉政建设工作', 4, '6', '8.校党委专项检查工作', 2, 2022, '2023-12-19 22:48:01', '1', NULL, NULL, 0, NULL, 1, 2, NULL),
(2059, '科研工作', '领导班子与组织建设工作', 3, '1', '5.庆祝建党系列活动', 2, 2022, '2023-12-19 22:48:01', '1', NULL, NULL, 0, NULL, 1, 2, NULL),
(2060, '学生工作', '领导班子与组织建设工作', 2, '5', '1.校党委专项检查工作', 2, 2022, '2023-12-19 22:48:01', '1', NULL, NULL, 0, NULL, 1, 3, NULL),
(2061, '科研工作', '党风廉政建设工作', 3, '3', '1.召开院党委会、院党政联席会', 2, 2022, '2023-12-19 22:48:01', '1', NULL, NULL, 0, NULL, 1, 2, NULL),
(2062, '党建工作', '领导班子与组织建设工作', 2, '2', '8.校党委专项检查工作', 2, 2022, '2023-12-19 22:48:01', '1', NULL, NULL, 0, NULL, 1, 1, NULL),
(2063, '财务工作', '党风廉政建设工作', 4, '4', '9.梳理年度任务分解清单中的各项任务落实情况', 2, 2022, '2023-12-19 22:48:01', '1', NULL, NULL, 0, NULL, 1, 4, NULL),
(2064, '党建工作', '领导班子与组织建设工作', 1, '2', '3.党员红色基地教育实践活动', 2, 2022, '2023-12-19 22:48:01', '1', NULL, NULL, 0, NULL, 1, 3, NULL),
(2065, '招生工作', '领导班子与组织建设工作', 1, '5', '5.梳理年度任务分解清单中的各项任务落实情况', 2, 2022, '2023-12-19 22:48:01', '1', NULL, NULL, 0, NULL, 1, 4, NULL),
(2066, '党建工作', '领导班子与组织建设工作', 2, '4', '2.召开会议专题研究党风廉政建设', 2, 2022, '2023-12-19 22:48:01', '1', NULL, NULL, 0, NULL, 1, 2, NULL),
(2067, '学生工作', '领导班子与组织建设工作', 2, '7', '9.庆祝建党系列活动', 2, 2022, '2023-12-19 22:48:01', '1', NULL, NULL, 0, NULL, 1, 2, NULL),
(2068, '科研工作', '党风廉政建设工作', 3, '1', '5.召开院党委会、院党政联席会', 2, 2022, '2023-12-19 22:48:01', '1', NULL, NULL, 0, NULL, 1, 1, NULL),
(2069, '教学工作', '领导班子与组织建设工作', 2, '7', '4.召开院党委会、院党政联席会', 2, 2022, '2023-12-19 22:48:01', '1', NULL, NULL, 0, NULL, 1, 3, NULL),
(2070, '后勤工作', '党风廉政建设工作', 3, '7', '7.专题研究部署工作', 2, 2022, '2023-12-19 22:48:01', '1', NULL, NULL, 0, NULL, 1, 3, NULL),
(2071, '科研工作', '领导班子与组织建设工作', 2, '6', '4.召开院党委会', 2, 2022, '2023-12-19 22:48:01', '1', NULL, NULL, 0, NULL, 1, 4, NULL),
(2072, '科研工作', '党风廉政建设工作', 1, '9', '6.党员红色基地教育实践活动', 2, 2022, '2023-12-19 22:48:01', '1', NULL, NULL, 0, NULL, 1, 3, NULL),
(2073, '教学工作', '领导班子与组织建设工作', 4, '2', '10.专题研究部署工作', 2, 2022, '2023-12-19 22:48:01', '1', NULL, NULL, 0, NULL, 1, 4, NULL),
(2074, '财务工作', '领导班子与组织建设工作', 1, '6', '8.梳理年度任务分解清单中的各项任务落实情况', 2, 2022, '2023-12-19 22:48:01', '1', NULL, NULL, 0, NULL, 1, 3, NULL),
(2075, '后勤工作', '党风廉政建设工作', 4, '8', '8.召开会议专题研究党风廉政建设', 2, 2022, '2023-12-19 22:48:01', '1', NULL, NULL, 0, NULL, 1, 1, NULL),
(2076, '科研工作', '党风廉政建设工作', 2, '6', '10.召开院党委会、院党政联席会', 2, 2022, '2023-12-19 22:48:01', '1', NULL, NULL, 0, NULL, 1, 3, NULL),
(2077, '科研工作', '党风廉政建设工作', 3, '4', '7.入党积极分子确定', 2, 2022, '2023-12-19 22:48:01', '1', NULL, NULL, 0, NULL, 1, 3, NULL),
(2078, '科研工作', '党风廉政建设工作', 3, '7', '3.召开院党委会', 2, 2022, '2023-12-19 22:48:01', '1', NULL, NULL, 0, NULL, 1, 4, NULL),
(2079, '教学工作', '领导班子与组织建设工作', 2, '3', '9.入党积极分子确定', 2, 2022, '2023-12-19 22:48:01', '1', NULL, NULL, 0, NULL, 1, 2, NULL),
(2080, '财务工作', '领导班子与组织建设工作', 4, '8', '9.入党积极分子确定', 2, 2022, '2023-12-19 22:48:01', '1', NULL, NULL, 0, NULL, 1, 4, NULL),
(2081, '党建工作', '领导班子与组织建设工作', 1, '1', '3.庆祝建党系列活动', 2, 2022, '2023-12-19 22:48:01', '1', NULL, NULL, 0, NULL, 1, 4, NULL),
(2082, '招生工作', '党风廉政建设工作', 4, '6', '1.召开会议专题研究党风廉政建设', 2, 2022, '2023-12-19 22:48:01', '1', NULL, NULL, 0, NULL, 1, 3, NULL),
(2083, '财务工作', '党风廉政建设工作', 2, '1', '1.专题研究部署工作', 2, 2022, '2023-12-19 22:48:01', '1', NULL, NULL, 0, NULL, 1, 4, NULL),
(2084, '后勤工作', '党风廉政建设工作', 2, '1', '4.召开院党委会、院党政联席会', 2, 2022, '2023-12-19 22:48:01', '1', NULL, NULL, 0, NULL, 1, 4, NULL),
(2085, '后勤工作', '领导班子与组织建设工作', 3, '6', '6.庆祝建党系列活动', 2, 2022, '2023-12-19 22:48:01', '1', NULL, NULL, 0, NULL, 1, 2, NULL),
(2086, '学生工作', '党风廉政建设工作', 3, '2', '2.梳理年度任务分解清单中的各项任务落实情况', 2, 2022, '2023-12-19 22:48:01', '1', NULL, NULL, 0, NULL, 1, 4, NULL),
(2087, '财务工作', '党风廉政建设工作', 2, '8', '3.梳理年度任务分解清单中的各项任务落实情况', 2, 2022, '2023-12-19 22:48:01', '1', NULL, NULL, 0, NULL, 1, 3, NULL),
(2088, '科研工作', '党风廉政建设工作', 4, '2', '2.校党委专项检查工作', 2, 2022, '2023-12-19 22:48:01', '1', NULL, NULL, 0, NULL, 1, 3, NULL),
(2089, '教学工作', '领导班子与组织建设工作', 4, '6', '5.召开会议专题研究党风廉政建设', 2, 2022, '2023-12-19 22:48:01', '1', NULL, NULL, 0, NULL, 1, 4, NULL),
(2090, '后勤工作', '领导班子与组织建设工作', 2, '7', '7.召开院党委会', 2, 2022, '2023-12-19 22:48:01', '1', NULL, NULL, 0, NULL, 1, 3, NULL),
(2091, '党建工作', '党风廉政建设工作', 4, '2', '6.召开院党委会', 2, 2022, '2023-12-19 22:48:01', '1', NULL, NULL, 0, NULL, 1, 3, NULL),
(2092, '后勤工作', '领导班子与组织建设工作', 2, '5', '2.梳理年度任务分解清单中的各项任务落实情况', 2, 2022, '2023-12-19 22:48:01', '1', NULL, NULL, 0, NULL, 1, 1, NULL),
(2093, '财务工作', '党风廉政建设工作', 1, '2', '10.各支部书记讲党课', 2, 2022, '2023-12-19 22:48:01', '1', NULL, NULL, 0, NULL, 1, 2, NULL),
(2094, '后勤工作', '领导班子与组织建设工作', 1, '1', '2.入党积极分子确定', 2, 2022, '2023-12-19 22:48:01', '1', NULL, NULL, 0, NULL, 1, 2, NULL),
(2095, '教学工作', '领导班子与组织建设工作', 2, '3', '5.各支部书记讲党课', 2, 2022, '2023-12-19 22:48:01', '1', NULL, NULL, 0, NULL, 1, 4, NULL),
(2096, '财务工作', '领导班子与组织建设工作', 1, '1', '1.党员红色基地教育实践活动', 2, 2022, '2023-12-19 22:48:01', '1', NULL, NULL, 0, NULL, 1, 2, NULL),
(2097, '招生工作', '领导班子与组织建设工作', 4, '4', '1.校党委专项检查工作', 2, 2022, '2023-12-19 22:48:01', '1', NULL, NULL, 0, NULL, 1, 4, NULL),
(2098, '后勤工作', '领导班子与组织建设工作', 3, '3', '3.党员红色基地教育实践活动', 2, 2022, '2023-12-19 22:48:01', '1', NULL, NULL, 0, NULL, 1, 3, NULL),
(2099, '招生工作', '领导班子与组织建设工作', 1, '8', '1.召开会议专题研究党风廉政建设', 2, 2022, '2023-12-19 22:48:01', '1', NULL, NULL, 0, NULL, 1, 4, NULL),
(2100, '学生工作', '党风廉政建设工作', 4, '9', '4.入党积极分子确定', 2, 2022, '2023-12-19 22:48:01', '1', NULL, NULL, 0, NULL, 1, 4, NULL),
(2101, '教学工作', '党风廉政建设工作', 3, '7', '1.专题研究部署工作', 3, 2022, '2023-12-19 22:48:01', '1', NULL, NULL, 0, NULL, 1, 4, NULL),
(2102, '招生工作', '领导班子与组织建设工作', 2, '7', '4.各支部书记讲党课', 3, 2022, '2023-12-19 22:48:01', '1', NULL, NULL, 0, NULL, 1, 1, NULL),
(2103, '财务工作', '党风廉政建设工作', 3, '9', '7.召开院党委会', 3, 2022, '2023-12-19 22:48:01', '1', NULL, NULL, 0, NULL, 1, 1, NULL),
(2104, '党建工作', '党风廉政建设工作', 2, '5', '7.庆祝建党系列活动', 3, 2022, '2023-12-19 22:48:01', '1', NULL, NULL, 0, NULL, 1, 2, NULL),
(2105, '财务工作', '领导班子与组织建设工作', 4, '8', '1.庆祝建党系列活动', 3, 2022, '2023-12-19 22:48:01', '1', NULL, NULL, 0, NULL, 1, 3, NULL),
(2106, '科研工作', '党风廉政建设工作', 2, '6', '2.梳理年度任务分解清单中的各项任务落实情况', 3, 2022, '2023-12-19 22:48:01', '1', NULL, NULL, 0, NULL, 1, 3, NULL),
(2107, '学生工作', '党风廉政建设工作', 4, '8', '3.庆祝建党系列活动', 3, 2022, '2023-12-19 22:48:01', '1', NULL, NULL, 0, NULL, 1, 1, NULL),
(2108, '党建工作', '党风廉政建设工作', 4, '9', '1.召开院党委会', 3, 2022, '2023-12-19 22:48:01', '1', NULL, NULL, 0, NULL, 1, 3, NULL),
(2109, '学生工作', '领导班子与组织建设工作', 1, '8', '8.召开院党委会、院党政联席会', 3, 2022, '2023-12-19 22:48:01', '1', NULL, NULL, 0, NULL, 1, 2, NULL),
(2110, '招生工作', '党风廉政建设工作', 4, '7', '1.召开院党委会、院党政联席会', 3, 2022, '2023-12-19 22:48:01', '1', NULL, NULL, 0, NULL, 1, 3, NULL),
(2111, '教学工作', '党风廉政建设工作', 3, '4', '6.校党委专项检查工作', 3, 2022, '2023-12-19 22:48:01', '1', NULL, NULL, 0, NULL, 1, 1, NULL),
(2112, '后勤工作', '党风廉政建设工作', 4, '8', '7.召开院党委会', 3, 2022, '2023-12-19 22:48:01', '1', NULL, NULL, 0, NULL, 1, 3, NULL),
(2113, '后勤工作', '领导班子与组织建设工作', 2, '8', '5.召开院党委会、院党政联席会', 3, 2022, '2023-12-19 22:48:01', '1', NULL, NULL, 0, NULL, 1, 4, NULL),
(2114, '党建工作', '领导班子与组织建设工作', 1, '4', '8.召开院党委会、院党政联席会', 3, 2022, '2023-12-19 22:48:01', '1', NULL, NULL, 0, NULL, 1, 2, NULL),
(2115, '后勤工作', '党风廉政建设工作', 1, '8', '7.召开会议专题研究党风廉政建设', 3, 2022, '2023-12-19 22:48:01', '1', NULL, NULL, 0, NULL, 1, 3, NULL),
(2116, '招生工作', '党风廉政建设工作', 1, '5', '3.校党委专项检查工作', 3, 2022, '2023-12-19 22:48:01', '1', NULL, NULL, 0, NULL, 1, 4, NULL),
(2117, '财务工作', '党风廉政建设工作', 4, '3', '6.专题研究部署工作', 3, 2022, '2023-12-19 22:48:01', '1', NULL, NULL, 0, NULL, 1, 3, NULL),
(2118, '党建工作', '领导班子与组织建设工作', 4, '7', '3.召开院党委会、院党政联席会', 3, 2022, '2023-12-19 22:48:01', '1', NULL, NULL, 0, NULL, 1, 1, NULL),
(2119, '财务工作', '领导班子与组织建设工作', 3, '6', '3.庆祝建党系列活动', 3, 2022, '2023-12-19 22:48:01', '1', NULL, NULL, 0, NULL, 1, 1, NULL),
(2120, '学生工作', '党风廉政建设工作', 1, '5', '4.梳理年度任务分解清单中的各项任务落实情况', 3, 2022, '2023-12-19 22:48:01', '1', NULL, NULL, 0, NULL, 1, 4, NULL),
(2121, '财务工作', '党风廉政建设工作', 1, '2', '8.专题研究部署工作', 3, 2022, '2023-12-19 22:48:01', '1', NULL, NULL, 0, NULL, 1, 1, NULL),
(2122, '党建工作', '领导班子与组织建设工作', 3, '2', '7.召开院党委会、院党政联席会', 3, 2022, '2023-12-19 22:48:01', '1', NULL, NULL, 0, NULL, 1, 1, NULL),
(2123, '教学工作', '党风廉政建设工作', 4, '4', '1.入党积极分子确定', 3, 2022, '2023-12-19 22:48:01', '1', NULL, NULL, 0, NULL, 1, 1, NULL),
(2124, '科研工作', '领导班子与组织建设工作', 2, '9', '1.校党委专项检查工作', 3, 2022, '2023-12-19 22:48:01', '1', NULL, NULL, 0, NULL, 1, 2, NULL),
(2125, '招生工作', '党风廉政建设工作', 3, '9', '7.召开院党委会、院党政联席会', 3, 2022, '2023-12-19 22:48:01', '1', NULL, NULL, 0, NULL, 1, 3, NULL),
(2126, '学生工作', '党风廉政建设工作', 1, '1', '2.专题研究部署工作', 3, 2022, '2023-12-19 22:48:01', '1', NULL, NULL, 0, NULL, 1, 1, NULL),
(2127, '科研工作', '领导班子与组织建设工作', 4, '7', '7.校党委专项检查工作', 3, 2022, '2023-12-19 22:48:01', '1', NULL, NULL, 0, NULL, 1, 2, NULL),
(2128, '学生工作', '党风廉政建设工作', 4, '2', '3.召开院党委会、院党政联席会', 3, 2022, '2023-12-19 22:48:01', '1', NULL, NULL, 0, NULL, 1, 4, NULL),
(2129, '学生工作', '党风廉政建设工作', 3, '6', '1.梳理年度任务分解清单中的各项任务落实情况', 3, 2022, '2023-12-19 22:48:01', '1', NULL, NULL, 0, NULL, 1, 3, NULL),
(2130, '招生工作', '领导班子与组织建设工作', 3, '8', '5.党员红色基地教育实践活动', 3, 2022, '2023-12-19 22:48:01', '1', NULL, NULL, 0, NULL, 1, 3, NULL),
(2131, '科研工作', '领导班子与组织建设工作', 3, '5', '6.党员红色基地教育实践活动', 3, 2022, '2023-12-19 22:48:01', '1', NULL, NULL, 0, NULL, 1, 2, NULL),
(2132, '科研工作', '党风廉政建设工作', 1, '2', '10.校党委专项检查工作', 3, 2022, '2023-12-19 22:48:01', '1', NULL, NULL, 0, NULL, 1, 2, NULL),
(2133, '财务工作', '党风廉政建设工作', 1, '2', '5.各支部书记讲党课', 3, 2022, '2023-12-19 22:48:01', '1', NULL, NULL, 0, NULL, 1, 2, NULL),
(2134, '教学工作', '党风廉政建设工作', 1, '1', '2.专题研究部署工作', 3, 2022, '2023-12-19 22:48:01', '1', NULL, NULL, 0, NULL, 1, 1, NULL),
(2135, '招生工作', '领导班子与组织建设工作', 2, '4', '7.召开院党委会、院党政联席会', 3, 2022, '2023-12-19 22:48:01', '1', NULL, NULL, 0, NULL, 1, 2, NULL),
(2136, '党建工作', '领导班子与组织建设工作', 3, '4', '4.党员红色基地教育实践活动', 3, 2022, '2023-12-19 22:48:01', '1', NULL, NULL, 0, NULL, 1, 2, NULL),
(2137, '教学工作', '党风廉政建设工作', 4, '8', '4.各支部书记讲党课', 3, 2022, '2023-12-19 22:48:01', '1', NULL, NULL, 0, NULL, 1, 3, NULL),
(2138, '学生工作', '党风廉政建设工作', 3, '2', '7.专题研究部署工作', 3, 2022, '2023-12-19 22:48:01', '1', NULL, NULL, 0, NULL, 1, 1, NULL),
(2139, '科研工作', '党风廉政建设工作', 2, '6', '5.梳理年度任务分解清单中的各项任务落实情况', 3, 2022, '2023-12-19 22:48:01', '1', NULL, NULL, 0, NULL, 1, 2, NULL),
(2140, '党建工作', '领导班子与组织建设工作', 2, '7', '6.专题研究部署工作', 3, 2022, '2023-12-19 22:48:01', '1', NULL, NULL, 0, NULL, 1, 1, NULL),
(2141, '教学工作', '领导班子与组织建设工作', 3, '6', '7.庆祝建党系列活动', 3, 2022, '2023-12-19 22:48:01', '1', NULL, NULL, 0, NULL, 1, 1, NULL),
(2142, '学生工作', '党风廉政建设工作', 3, '6', '3.庆祝建党系列活动', 3, 2022, '2023-12-19 22:48:01', '1', NULL, NULL, 0, NULL, 1, 3, NULL),
(2143, '后勤工作', '党风廉政建设工作', 1, '3', '7.校党委专项检查工作', 3, 2022, '2023-12-19 22:48:01', '1', NULL, NULL, 0, NULL, 1, 3, NULL),
(2144, '后勤工作', '领导班子与组织建设工作', 1, '3', '8.召开院党委会、院党政联席会', 3, 2022, '2023-12-19 22:48:01', '1', NULL, NULL, 0, NULL, 1, 4, NULL),
(2145, '后勤工作', '领导班子与组织建设工作', 2, '5', '2.召开会议专题研究党风廉政建设', 3, 2022, '2023-12-19 22:48:01', '1', NULL, NULL, 0, NULL, 1, 3, NULL),
(2146, '教学工作', '党风廉政建设工作', 4, '6', '3.召开院党委会、院党政联席会', 3, 2022, '2023-12-19 22:48:01', '1', NULL, NULL, 0, NULL, 1, 4, NULL),
(2147, '科研工作', '党风廉政建设工作', 4, '1', '7.梳理年度任务分解清单中的各项任务落实情况', 3, 2022, '2023-12-19 22:48:01', '1', NULL, NULL, 0, NULL, 1, 3, NULL),
(2148, '科研工作', '党风廉政建设工作', 3, '6', '8.梳理年度任务分解清单中的各项任务落实情况', 3, 2022, '2023-12-19 22:48:01', '1', NULL, NULL, 0, NULL, 1, 2, NULL),
(2149, '学生工作', '领导班子与组织建设工作', 2, '8', '5.入党积极分子确定', 3, 2022, '2023-12-19 22:48:01', '1', NULL, NULL, 0, NULL, 1, 2, NULL),
(2150, '科研工作', '领导班子与组织建设工作', 4, '7', '9.校党委专项检查工作', 3, 2022, '2023-12-19 22:48:01', '1', NULL, NULL, 0, NULL, 1, 2, NULL),
(2151, '党建工作', '党风廉政建设工作', 2, '7', '3.梳理年度任务分解清单中的各项任务落实情况', 4, 2022, '2023-12-19 22:48:01', '1', NULL, NULL, 0, NULL, 1, 4, NULL),
(2152, '学生工作', '党风廉政建设工作', 3, '4', '2.召开会议专题研究党风廉政建设', 4, 2022, '2023-12-19 22:48:01', '1', NULL, NULL, 0, NULL, 1, 4, NULL),
(2153, '科研工作', '领导班子与组织建设工作', 3, '1', '3.专题研究部署工作', 4, 2022, '2023-12-19 22:48:01', '1', NULL, NULL, 0, NULL, 1, 2, NULL),
(2154, '学生工作', '领导班子与组织建设工作', 3, '5', '6.庆祝建党系列活动', 4, 2022, '2023-12-19 22:48:01', '1', NULL, NULL, 0, NULL, 1, 1, NULL),
(2155, '招生工作', '领导班子与组织建设工作', 4, '9', '1.召开会议专题研究党风廉政建设', 4, 2022, '2023-12-19 22:48:01', '1', NULL, NULL, 0, NULL, 1, 3, NULL),
(2156, '财务工作', '领导班子与组织建设工作', 3, '2', '8.专题研究部署工作', 4, 2022, '2023-12-19 22:48:01', '1', NULL, NULL, 0, NULL, 1, 3, NULL),
(2157, '科研工作', '党风廉政建设工作', 2, '7', '9.梳理年度任务分解清单中的各项任务落实情况', 4, 2022, '2023-12-19 22:48:01', '1', NULL, NULL, 0, NULL, 1, 3, NULL),
(2158, '党建工作', '党风廉政建设工作', 1, '3', '7.召开院党委会', 4, 2022, '2023-12-19 22:48:01', '1', NULL, NULL, 0, NULL, 1, 4, NULL),
(2159, '招生工作', '领导班子与组织建设工作', 3, '6', '3.召开会议专题研究党风廉政建设', 4, 2022, '2023-12-19 22:48:01', '1', NULL, NULL, 0, NULL, 1, 4, NULL),
(2160, '科研工作', '领导班子与组织建设工作', 3, '7', '3.党员红色基地教育实践活动', 4, 2022, '2023-12-19 22:48:01', '1', NULL, NULL, 0, NULL, 1, 4, NULL),
(2161, '招生工作', '党风廉政建设工作', 4, '7', '2.庆祝建党系列活动', 4, 2022, '2023-12-19 22:48:01', '1', NULL, NULL, 0, NULL, 1, 4, NULL),
(2162, '教学工作', '党风廉政建设工作', 4, '9', '2.专题研究部署工作', 4, 2022, '2023-12-19 22:48:01', '1', NULL, NULL, 0, NULL, 1, 4, NULL),
(2163, '教学工作', '领导班子与组织建设工作', 3, '9', '1.党员红色基地教育实践活动', 4, 2022, '2023-12-19 22:48:01', '1', NULL, NULL, 0, NULL, 1, 1, NULL),
(2164, '党建工作', '领导班子与组织建设工作', 1, '9', '2.庆祝建党系列活动', 4, 2022, '2023-12-19 22:48:01', '1', NULL, NULL, 0, NULL, 1, 2, NULL),
(2165, '后勤工作', '领导班子与组织建设工作', 4, '3', '7.梳理年度任务分解清单中的各项任务落实情况', 4, 2022, '2023-12-19 22:48:01', '1', NULL, NULL, 0, NULL, 1, 1, NULL),
(2166, '后勤工作', '党风廉政建设工作', 4, '5', '10.庆祝建党系列活动', 4, 2022, '2023-12-19 22:48:01', '1', NULL, NULL, 0, NULL, 1, 2, NULL),
(2167, '财务工作', '领导班子与组织建设工作', 3, '9', '8.校党委专项检查工作', 4, 2022, '2023-12-19 22:48:01', '1', NULL, NULL, 0, NULL, 1, 4, NULL),
(2168, '党建工作', '党风廉政建设工作', 1, '9', '7.召开院党委会', 4, 2022, '2023-12-19 22:48:01', '1', NULL, NULL, 0, NULL, 1, 1, NULL),
(2169, '党建工作', '领导班子与组织建设工作', 4, '8', '7.庆祝建党系列活动', 4, 2022, '2023-12-19 22:48:01', '1', NULL, NULL, 0, NULL, 1, 2, NULL),
(2170, '科研工作', '领导班子与组织建设工作', 4, '5', '6.召开院党委会、院党政联席会', 4, 2022, '2023-12-19 22:48:01', '1', NULL, NULL, 0, NULL, 1, 2, NULL),
(2171, '后勤工作', '领导班子与组织建设工作', 3, '8', '1.召开院党委会', 4, 2022, '2023-12-19 22:48:01', '1', NULL, NULL, 0, NULL, 1, 1, NULL),
(2172, '科研工作', '领导班子与组织建设工作', 1, '8', '1.庆祝建党系列活动', 4, 2022, '2023-12-19 22:48:01', '1', NULL, NULL, 0, NULL, 1, 1, NULL),
(2173, '招生工作', '领导班子与组织建设工作', 2, '3', '3.入党积极分子确定', 4, 2022, '2023-12-19 22:48:01', '1', NULL, NULL, 0, NULL, 1, 2, NULL),
(2174, '招生工作', '党风廉政建设工作', 3, '1', '2.梳理年度任务分解清单中的各项任务落实情况', 4, 2022, '2023-12-19 22:48:01', '1', NULL, NULL, 0, NULL, 1, 3, NULL),
(2175, '学生工作', '领导班子与组织建设工作', 2, '8', '1.召开会议专题研究党风廉政建设', 4, 2022, '2023-12-19 22:48:01', '1', NULL, NULL, 0, NULL, 1, 3, NULL),
(2176, '教学工作', '领导班子与组织建设工作', 2, '5', '3.梳理年度任务分解清单中的各项任务落实情况', 4, 2022, '2023-12-19 22:48:01', '1', NULL, NULL, 0, NULL, 1, 3, NULL),
(2177, '学生工作', '党风廉政建设工作', 4, '3', '6.召开会议专题研究党风廉政建设', 4, 2022, '2023-12-19 22:48:01', '1', NULL, NULL, 0, NULL, 1, 1, NULL),
(2178, '招生工作', '党风廉政建设工作', 2, '1', '8.校党委专项检查工作', 4, 2022, '2023-12-19 22:48:01', '1', NULL, NULL, 0, NULL, 1, 4, NULL),
(2179, '科研工作', '党风廉政建设工作', 1, '4', '8.专题研究部署工作', 4, 2022, '2023-12-19 22:48:01', '1', NULL, NULL, 0, NULL, 1, 1, NULL),
(2180, '教学工作', '党风廉政建设工作', 3, '7', '3.召开会议专题研究党风廉政建设', 4, 2022, '2023-12-19 22:48:01', '1', NULL, NULL, 0, NULL, 1, 3, NULL),
(2181, '财务工作', '党风廉政建设工作', 1, '7', '4.召开院党委会、院党政联席会', 4, 2022, '2023-12-19 22:48:01', '1', NULL, NULL, 0, NULL, 1, 3, NULL),
(2182, '科研工作', '党风廉政建设工作', 3, '4', '2.梳理年度任务分解清单中的各项任务落实情况', 4, 2022, '2023-12-19 22:48:01', '1', NULL, NULL, 0, NULL, 1, 2, NULL),
(2183, '财务工作', '党风廉政建设工作', 4, '2', '7.召开院党委会、院党政联席会', 4, 2022, '2023-12-19 22:48:01', '1', NULL, NULL, 0, NULL, 1, 1, NULL),
(2184, '财务工作', '党风廉政建设工作', 2, '6', '4.专题研究部署工作', 4, 2022, '2023-12-19 22:48:01', '1', NULL, NULL, 0, NULL, 1, 2, NULL),
(2185, '学生工作', '领导班子与组织建设工作', 2, '6', '4.召开院党委会', 4, 2022, '2023-12-19 22:48:01', '1', NULL, NULL, 0, NULL, 1, 2, NULL),
(2186, '党建工作', '领导班子与组织建设工作', 1, '6', '1.专题研究部署工作', 4, 2022, '2023-12-19 22:48:01', '1', NULL, NULL, 0, NULL, 1, 1, NULL),
(2187, '科研工作', '领导班子与组织建设工作', 1, '5', '1.党员红色基地教育实践活动', 4, 2022, '2023-12-19 22:48:01', '1', NULL, NULL, 0, NULL, 1, 2, NULL),
(2188, '科研工作', '领导班子与组织建设工作', 3, '8', '9.梳理年度任务分解清单中的各项任务落实情况', 4, 2022, '2023-12-19 22:48:01', '1', NULL, NULL, 0, NULL, 1, 3, NULL),
(2189, '教学工作', '党风廉政建设工作', 1, '6', '8.入党积极分子确定', 4, 2022, '2023-12-19 22:48:01', '1', NULL, NULL, 0, NULL, 1, 3, NULL),
(2190, '招生工作', '党风廉政建设工作', 1, '3', '8.党员红色基地教育实践活动', 4, 2022, '2023-12-19 22:48:01', '1', NULL, NULL, 0, NULL, 1, 4, NULL),
(2191, '财务工作', '党风廉政建设工作', 1, '3', '9.党员红色基地教育实践活动', 4, 2022, '2023-12-19 22:48:01', '1', NULL, NULL, 0, NULL, 1, 3, NULL),
(2192, '党建工作', '领导班子与组织建设工作', 1, '5', '7.庆祝建党系列活动', 4, 2022, '2023-12-19 22:48:01', '1', NULL, NULL, 0, NULL, 1, 1, NULL),
(2193, '财务工作', '领导班子与组织建设工作', 3, '5', '1.梳理年度任务分解清单中的各项任务落实情况', 4, 2022, '2023-12-19 22:48:01', '1', NULL, NULL, 0, NULL, 1, 1, NULL),
(2194, '教学工作', '领导班子与组织建设工作', 2, '1', '1.专题研究部署工作', 4, 2022, '2023-12-19 22:48:01', '1', NULL, NULL, 0, NULL, 1, 2, NULL),
(2195, '后勤工作', '党风廉政建设工作', 2, '6', '10.庆祝建党系列活动', 4, 2022, '2023-12-19 22:48:01', '1', NULL, NULL, 0, NULL, 1, 4, NULL),
(2196, '科研工作', '领导班子与组织建设工作', 3, '6', '6.庆祝建党系列活动', 4, 2022, '2023-12-19 22:48:01', '1', NULL, NULL, 0, NULL, 1, 4, NULL),
(2197, '财务工作', '领导班子与组织建设工作', 3, '6', '3.梳理年度任务分解清单中的各项任务落实情况', 4, 2022, '2023-12-19 22:48:01', '1', NULL, NULL, 0, NULL, 1, 3, NULL),
(2198, '财务工作', '党风廉政建设工作', 4, '2', '9.召开院党委会、院党政联席会', 4, 2022, '2023-12-19 22:48:01', '1', NULL, NULL, 0, NULL, 1, 3, NULL),
(2199, '招生工作', '领导班子与组织建设工作', 4, '3', '7.入党积极分子确定', 4, 2022, '2023-12-19 22:48:01', '1', NULL, NULL, 0, NULL, 1, 3, NULL),
(2200, '科研工作', '党风廉政建设工作', 1, '9', '10.入党积极分子确定', 4, 2022, '2023-12-19 22:48:01', '1', NULL, NULL, 0, NULL, 1, 4, NULL),
(2201, '教学工作', '党风廉政建设工作', 3, '9', '8.召开会议专题研究党风廉政建设', 5, 2022, '2023-12-19 22:48:01', '1', NULL, NULL, 0, NULL, 1, 2, NULL),
(2202, '党建工作', '党风廉政建设工作', 4, '1', '5.专题研究部署工作', 5, 2022, '2023-12-19 22:48:01', '1', NULL, NULL, 0, NULL, 1, 4, NULL),
(2203, '党建工作', '党风廉政建设工作', 1, '4', '6.入党积极分子确定', 5, 2022, '2023-12-19 22:48:01', '1', NULL, NULL, 0, NULL, 1, 4, NULL),
(2204, '学生工作', '党风廉政建设工作', 4, '9', '6.召开院党委会、院党政联席会', 5, 2022, '2023-12-19 22:48:01', '1', NULL, NULL, 0, NULL, 1, 3, NULL),
(2205, '后勤工作', '领导班子与组织建设工作', 2, '7', '5.召开院党委会', 5, 2022, '2023-12-19 22:48:01', '1', NULL, NULL, 0, NULL, 1, 4, NULL),
(2206, '后勤工作', '领导班子与组织建设工作', 1, '6', '3.校党委专项检查工作', 5, 2022, '2023-12-19 22:48:01', '1', NULL, NULL, 0, NULL, 1, 4, NULL),
(2207, '党建工作', '领导班子与组织建设工作', 1, '2', '3.党员红色基地教育实践活动', 5, 2022, '2023-12-19 22:48:01', '1', NULL, NULL, 0, NULL, 1, 1, NULL),
(2208, '财务工作', '党风廉政建设工作', 1, '4', '5.召开会议专题研究党风廉政建设', 5, 2022, '2023-12-19 22:48:01', '1', NULL, NULL, 0, NULL, 1, 3, NULL),
(2209, '后勤工作', '领导班子与组织建设工作', 4, '4', '1.召开院党委会', 5, 2022, '2023-12-19 22:48:01', '1', NULL, NULL, 0, NULL, 1, 4, NULL),
(2210, '学生工作', '党风廉政建设工作', 4, '3', '2.校党委专项检查工作', 5, 2022, '2023-12-19 22:48:01', '1', NULL, NULL, 0, NULL, 1, 1, NULL),
(2211, '招生工作', '党风廉政建设工作', 3, '1', '4.召开会议专题研究党风廉政建设', 5, 2022, '2023-12-19 22:48:01', '1', NULL, NULL, 0, NULL, 1, 2, NULL),
(2212, '教学工作', '党风廉政建设工作', 1, '9', '3.梳理年度任务分解清单中的各项任务落实情况', 5, 2022, '2023-12-19 22:48:01', '1', NULL, NULL, 0, NULL, 1, 4, NULL),
(2213, '招生工作', '党风廉政建设工作', 1, '5', '3.专题研究部署工作', 5, 2022, '2023-12-19 22:48:01', '1', NULL, NULL, 0, NULL, 1, 2, NULL),
(2214, '招生工作', '党风廉政建设工作', 4, '7', '10.专题研究部署工作', 5, 2022, '2023-12-19 22:48:01', '1', NULL, NULL, 0, NULL, 1, 3, NULL),
(2215, '招生工作', '领导班子与组织建设工作', 1, '7', '10.校党委专项检查工作', 5, 2022, '2023-12-19 22:48:01', '1', NULL, NULL, 0, NULL, 1, 4, NULL),
(2216, '财务工作', '领导班子与组织建设工作', 3, '1', '3.召开院党委会、院党政联席会', 5, 2022, '2023-12-19 22:48:01', '1', NULL, NULL, 0, NULL, 1, 2, NULL),
(2217, '党建工作', '党风廉政建设工作', 2, '6', '1.校党委专项检查工作', 5, 2022, '2023-12-19 22:48:01', '1', NULL, NULL, 0, NULL, 1, 1, NULL),
(2218, '后勤工作', '领导班子与组织建设工作', 3, '4', '4.庆祝建党系列活动', 5, 2022, '2023-12-19 22:48:01', '1', NULL, NULL, 0, NULL, 1, 4, NULL),
(2219, '财务工作', '党风廉政建设工作', 4, '7', '2.庆祝建党系列活动', 5, 2022, '2023-12-19 22:48:01', '1', NULL, NULL, 0, NULL, 1, 3, NULL),
(2220, '财务工作', '党风廉政建设工作', 2, '8', '9.校党委专项检查工作', 5, 2022, '2023-12-19 22:48:01', '1', NULL, NULL, 0, NULL, 1, 1, NULL),
(2221, '教学工作', '党风廉政建设工作', 2, '1', '1.各支部书记讲党课', 5, 2022, '2023-12-19 22:48:01', '1', NULL, NULL, 0, NULL, 1, 4, NULL),
(2222, '学生工作', '领导班子与组织建设工作', 4, '9', '10.庆祝建党系列活动', 5, 2022, '2023-12-19 22:48:01', '1', NULL, NULL, 0, NULL, 1, 2, NULL),
(2223, '财务工作', '党风廉政建设工作', 3, '4', '6.庆祝建党系列活动', 5, 2022, '2023-12-19 22:48:01', '1', NULL, NULL, 0, NULL, 1, 1, NULL),
(2224, '党建工作', '领导班子与组织建设工作', 2, '1', '6.各支部书记讲党课', 5, 2022, '2023-12-19 22:48:01', '1', NULL, NULL, 0, NULL, 1, 1, NULL),
(2225, '党建工作', '党风廉政建设工作', 4, '6', '2.梳理年度任务分解清单中的各项任务落实情况', 5, 2022, '2023-12-19 22:48:01', '1', NULL, NULL, 0, NULL, 1, 4, NULL),
(2226, '教学工作', '领导班子与组织建设工作', 2, '9', '9.专题研究部署工作', 5, 2022, '2023-12-19 22:48:01', '1', NULL, NULL, 0, NULL, 1, 4, NULL),
(2227, '财务工作', '领导班子与组织建设工作', 4, '3', '4.党员红色基地教育实践活动', 5, 2022, '2023-12-19 22:48:01', '1', NULL, NULL, 0, NULL, 1, 1, NULL),
(2228, '科研工作', '领导班子与组织建设工作', 3, '9', '1.召开院党委会、院党政联席会', 5, 2022, '2023-12-19 22:48:01', '1', NULL, NULL, 0, NULL, 1, 3, NULL),
(2229, '后勤工作', '领导班子与组织建设工作', 1, '1', '3.专题研究部署工作', 5, 2022, '2023-12-19 22:48:01', '1', NULL, NULL, 0, NULL, 1, 4, NULL),
(2230, '科研工作', '领导班子与组织建设工作', 4, '1', '2.庆祝建党系列活动', 5, 2022, '2023-12-19 22:48:01', '1', NULL, NULL, 0, NULL, 1, 2, NULL),
(2231, '学生工作', '领导班子与组织建设工作', 1, '5', '4.校党委专项检查工作', 5, 2022, '2023-12-19 22:48:01', '1', NULL, NULL, 0, NULL, 1, 4, NULL),
(2232, '教学工作', '党风廉政建设工作', 2, '1', '2.庆祝建党系列活动', 5, 2022, '2023-12-19 22:48:01', '1', NULL, NULL, 0, NULL, 1, 4, NULL),
(2233, '科研工作', '党风廉政建设工作', 3, '4', '9.召开会议专题研究党风廉政建设', 5, 2022, '2023-12-19 22:48:01', '1', NULL, NULL, 0, NULL, 1, 4, NULL),
(2234, '科研工作', '领导班子与组织建设工作', 4, '1', '8.入党积极分子确定', 5, 2022, '2023-12-19 22:48:01', '1', NULL, NULL, 0, NULL, 1, 3, NULL),
(2235, '招生工作', '领导班子与组织建设工作', 3, '5', '8.校党委专项检查工作', 5, 2022, '2023-12-19 22:48:01', '1', NULL, NULL, 0, NULL, 1, 2, NULL),
(2236, '科研工作', '领导班子与组织建设工作', 4, '5', '10.入党积极分子确定', 5, 2022, '2023-12-19 22:48:01', '1', NULL, NULL, 0, NULL, 1, 4, NULL),
(2237, '科研工作', '党风廉政建设工作', 4, '6', '5.庆祝建党系列活动', 5, 2022, '2023-12-19 22:48:01', '1', NULL, NULL, 0, NULL, 1, 1, NULL),
(2238, '教学工作', '领导班子与组织建设工作', 2, '9', '9.入党积极分子确定', 5, 2022, '2023-12-19 22:48:01', '1', NULL, NULL, 0, NULL, 1, 1, NULL),
(2239, '后勤工作', '领导班子与组织建设工作', 1, '1', '1.党员红色基地教育实践活动', 5, 2022, '2023-12-19 22:48:01', '1', NULL, NULL, 0, NULL, 1, 3, NULL),
(2240, '党建工作', '党风廉政建设工作', 1, '7', '8.专题研究部署工作', 5, 2022, '2023-12-19 22:48:01', '1', NULL, NULL, 0, NULL, 1, 2, NULL),
(2241, '教学工作', '领导班子与组织建设工作', 2, '2', '10.专题研究部署工作', 5, 2022, '2023-12-19 22:48:01', '1', NULL, NULL, 0, NULL, 1, 1, NULL),
(2242, '教学工作', '领导班子与组织建设工作', 3, '3', '8.校党委专项检查工作', 5, 2022, '2023-12-19 22:48:01', '1', NULL, NULL, 0, NULL, 1, 4, NULL),
(2243, '财务工作', '领导班子与组织建设工作', 3, '5', '5.专题研究部署工作', 5, 2022, '2023-12-19 22:48:01', '1', NULL, NULL, 0, NULL, 1, 4, NULL),
(2244, '学生工作', '领导班子与组织建设工作', 3, '4', '8.召开院党委会、院党政联席会', 5, 2022, '2023-12-19 22:48:01', '1', NULL, NULL, 0, NULL, 1, 3, NULL),
(2245, '后勤工作', '领导班子与组织建设工作', 2, '7', '3.庆祝建党系列活动', 5, 2022, '2023-12-19 22:48:01', '1', NULL, NULL, 0, NULL, 1, 2, NULL),
(2246, '党建工作', '党风廉政建设工作', 3, '4', '2.各支部书记讲党课', 5, 2022, '2023-12-19 22:48:01', '1', NULL, NULL, 0, NULL, 1, 2, NULL),
(2247, '教学工作', '领导班子与组织建设工作', 1, '4', '8.党员红色基地教育实践活动', 5, 2022, '2023-12-19 22:48:01', '1', NULL, NULL, 0, NULL, 1, 4, NULL),
(2248, '教学工作', '党风廉政建设工作', 4, '4', '7.召开院党委会', 5, 2022, '2023-12-19 22:48:01', '1', NULL, NULL, 0, NULL, 1, 2, NULL),
(2249, '招生工作', '党风廉政建设工作', 3, '7', '7.召开院党委会', 5, 2022, '2023-12-19 22:48:01', '1', NULL, NULL, 0, NULL, 1, 2, NULL),
(2250, '教学工作', '党风廉政建设工作', 1, '8', '10.专题研究部署工作', 5, 2022, '2023-12-19 22:48:01', '1', NULL, NULL, 0, NULL, 1, 4, NULL),
(2251, '科研工作', '领导班子与组织建设工作', 3, '8', '4.梳理年度任务分解清单中的各项任务落实情况', 6, 2022, '2023-12-19 22:48:01', '1', NULL, NULL, 0, NULL, 1, 4, NULL),
(2252, '招生工作', '领导班子与组织建设工作', 3, '3', '4.入党积极分子确定', 6, 2022, '2023-12-19 22:48:01', '1', NULL, NULL, 0, NULL, 1, 2, NULL),
(2253, '后勤工作', '党风廉政建设工作', 4, '8', '5.召开会议专题研究党风廉政建设', 6, 2022, '2023-12-19 22:48:01', '1', NULL, NULL, 0, NULL, 1, 2, NULL),
(2254, '党建工作', '党风廉政建设工作', 2, '2', '6.庆祝建党系列活动', 6, 2022, '2023-12-19 22:48:01', '1', NULL, NULL, 0, NULL, 1, 1, NULL),
(2255, '科研工作', '领导班子与组织建设工作', 2, '4', '8.入党积极分子确定', 6, 2022, '2023-12-19 22:48:01', '1', NULL, NULL, 0, NULL, 1, 1, NULL),
(2256, '科研工作', '党风廉政建设工作', 4, '8', '5.召开院党委会、院党政联席会', 6, 2022, '2023-12-19 22:48:01', '1', NULL, NULL, 0, NULL, 1, 2, NULL),
(2257, '党建工作', '领导班子与组织建设工作', 4, '2', '7.各支部书记讲党课', 6, 2022, '2023-12-19 22:48:01', '1', NULL, NULL, 0, NULL, 1, 3, NULL),
(2258, '后勤工作', '领导班子与组织建设工作', 2, '5', '6.召开院党委会', 6, 2022, '2023-12-19 22:48:01', '1', NULL, NULL, 0, NULL, 1, 3, NULL),
(2259, '党建工作', '领导班子与组织建设工作', 4, '3', '8.入党积极分子确定', 6, 2022, '2023-12-19 22:48:01', '1', NULL, NULL, 0, NULL, 1, 4, NULL),
(2260, '教学工作', '领导班子与组织建设工作', 3, '5', '6.党员红色基地教育实践活动', 6, 2022, '2023-12-19 22:48:01', '1', NULL, NULL, 0, NULL, 1, 1, NULL),
(2261, '招生工作', '党风廉政建设工作', 3, '6', '10.校党委专项检查工作', 6, 2022, '2023-12-19 22:48:01', '1', NULL, NULL, 0, NULL, 1, 2, NULL),
(2262, '招生工作', '领导班子与组织建设工作', 4, '3', '10.校党委专项检查工作', 6, 2022, '2023-12-19 22:48:01', '1', NULL, NULL, 0, NULL, 1, 4, NULL),
(2263, '教学工作', '领导班子与组织建设工作', 2, '7', '1.召开院党委会、院党政联席会', 6, 2022, '2023-12-19 22:48:01', '1', NULL, NULL, 0, NULL, 1, 1, NULL),
(2264, '党建工作', '领导班子与组织建设工作', 2, '2', '7.召开会议专题研究党风廉政建设', 6, 2022, '2023-12-19 22:48:01', '1', NULL, NULL, 0, NULL, 1, 3, NULL),
(2265, '科研工作', '领导班子与组织建设工作', 2, '3', '8.梳理年度任务分解清单中的各项任务落实情况', 6, 2022, '2023-12-19 22:48:01', '1', NULL, NULL, 0, NULL, 1, 4, NULL),
(2266, '学生工作', '党风廉政建设工作', 2, '7', '10.校党委专项检查工作', 6, 2022, '2023-12-19 22:48:01', '1', NULL, NULL, 0, NULL, 1, 4, NULL),
(2267, '教学工作', '领导班子与组织建设工作', 2, '1', '2.召开会议专题研究党风廉政建设', 6, 2022, '2023-12-19 22:48:01', '1', NULL, NULL, 0, NULL, 1, 4, NULL),
(2268, '学生工作', '党风廉政建设工作', 4, '1', '7.专题研究部署工作', 6, 2022, '2023-12-19 22:48:01', '1', NULL, NULL, 0, NULL, 1, 3, NULL),
(2269, '科研工作', '党风廉政建设工作', 4, '9', '4.党员红色基地教育实践活动', 6, 2022, '2023-12-19 22:48:01', '1', NULL, NULL, 0, NULL, 1, 2, NULL),
(2270, '党建工作', '党风廉政建设工作', 4, '7', '1.庆祝建党系列活动', 6, 2022, '2023-12-19 22:48:01', '1', NULL, NULL, 0, NULL, 1, 2, NULL),
(2271, '学生工作', '领导班子与组织建设工作', 1, '3', '2.召开会议专题研究党风廉政建设', 6, 2022, '2023-12-19 22:48:01', '1', NULL, NULL, 0, NULL, 1, 2, NULL),
(2272, '招生工作', '领导班子与组织建设工作', 1, '9', '2.庆祝建党系列活动', 6, 2022, '2023-12-19 22:48:01', '1', NULL, NULL, 0, NULL, 1, 1, NULL),
(2273, '财务工作', '领导班子与组织建设工作', 2, '4', '9.校党委专项检查工作', 6, 2022, '2023-12-19 22:48:01', '1', NULL, NULL, 0, NULL, 1, 1, NULL),
(2274, '党建工作', '党风廉政建设工作', 4, '1', '5.校党委专项检查工作', 6, 2022, '2023-12-19 22:48:01', '1', NULL, NULL, 0, NULL, 1, 2, NULL),
(2275, '科研工作', '领导班子与组织建设工作', 1, '5', '3.梳理年度任务分解清单中的各项任务落实情况', 6, 2022, '2023-12-19 22:48:01', '1', NULL, NULL, 0, NULL, 1, 1, NULL),
(2276, '教学工作', '领导班子与组织建设工作', 4, '7', '5.庆祝建党系列活动', 6, 2022, '2023-12-19 22:48:01', '1', NULL, NULL, 0, NULL, 1, 2, NULL),
(2277, '财务工作', '党风廉政建设工作', 2, '5', '4.入党积极分子确定', 6, 2022, '2023-12-19 22:48:01', '1', NULL, NULL, 0, NULL, 1, 1, NULL),
(2278, '教学工作', '领导班子与组织建设工作', 3, '5', '7.专题研究部署工作', 6, 2022, '2023-12-19 22:48:01', '1', NULL, NULL, 0, NULL, 1, 3, NULL),
(2279, '财务工作', '领导班子与组织建设工作', 2, '2', '10.召开院党委会', 6, 2022, '2023-12-19 22:48:01', '1', NULL, NULL, 0, NULL, 1, 4, NULL),
(2280, '教学工作', '领导班子与组织建设工作', 3, '3', '1.党员红色基地教育实践活动', 6, 2022, '2023-12-19 22:48:01', '1', NULL, NULL, 0, NULL, 1, 1, NULL),
(2281, '学生工作', '领导班子与组织建设工作', 3, '8', '10.党员红色基地教育实践活动', 6, 2022, '2023-12-19 22:48:01', '1', NULL, NULL, 0, NULL, 1, 2, NULL),
(2282, '招生工作', '领导班子与组织建设工作', 3, '2', '7.校党委专项检查工作', 6, 2022, '2023-12-19 22:48:01', '1', NULL, NULL, 0, NULL, 1, 2, NULL),
(2283, '财务工作', '领导班子与组织建设工作', 2, '6', '2.入党积极分子确定', 6, 2022, '2023-12-19 22:48:01', '1', NULL, NULL, 0, NULL, 1, 2, NULL),
(2284, '党建工作', '领导班子与组织建设工作', 4, '7', '10.召开会议专题研究党风廉政建设', 6, 2022, '2023-12-19 22:48:01', '1', NULL, NULL, 0, NULL, 1, 3, NULL),
(2285, '学生工作', '党风廉政建设工作', 3, '1', '5.梳理年度任务分解清单中的各项任务落实情况', 6, 2022, '2023-12-19 22:48:01', '1', NULL, NULL, 0, NULL, 1, 4, NULL),
(2286, '财务工作', '党风廉政建设工作', 1, '8', '7.专题研究部署工作', 6, 2022, '2023-12-19 22:48:01', '1', NULL, NULL, 0, NULL, 1, 3, NULL),
(2287, '招生工作', '领导班子与组织建设工作', 1, '6', '6.召开院党委会', 6, 2022, '2023-12-19 22:48:01', '1', NULL, NULL, 0, NULL, 1, 4, NULL),
(2288, '后勤工作', '领导班子与组织建设工作', 3, '2', '2.召开院党委会', 6, 2022, '2023-12-19 22:48:01', '1', NULL, NULL, 0, NULL, 1, 4, NULL),
(2289, '学生工作', '领导班子与组织建设工作', 1, '7', '7.党员红色基地教育实践活动', 6, 2022, '2023-12-19 22:48:01', '1', NULL, NULL, 0, NULL, 1, 3, NULL),
(2290, '招生工作', '领导班子与组织建设工作', 4, '3', '2.入党积极分子确定', 6, 2022, '2023-12-19 22:48:01', '1', NULL, NULL, 0, NULL, 1, 3, NULL),
(2291, '财务工作', '党风廉政建设工作', 4, '3', '8.庆祝建党系列活动', 6, 2022, '2023-12-19 22:48:01', '1', NULL, NULL, 0, NULL, 1, 2, NULL),
(2292, '后勤工作', '领导班子与组织建设工作', 4, '5', '9.梳理年度任务分解清单中的各项任务落实情况', 6, 2022, '2023-12-19 22:48:01', '1', NULL, NULL, 0, NULL, 1, 4, NULL),
(2293, '财务工作', '领导班子与组织建设工作', 1, '2', '8.召开院党委会', 6, 2022, '2023-12-19 22:48:01', '1', NULL, NULL, 0, NULL, 1, 1, NULL),
(2294, '科研工作', '领导班子与组织建设工作', 1, '5', '6.召开院党委会、院党政联席会', 6, 2022, '2023-12-19 22:48:01', '1', NULL, NULL, 0, NULL, 1, 1, NULL),
(2295, '财务工作', '领导班子与组织建设工作', 4, '6', '1.各支部书记讲党课', 6, 2022, '2023-12-19 22:48:01', '1', NULL, NULL, 0, NULL, 1, 1, NULL),
(2296, '科研工作', '领导班子与组织建设工作', 3, '3', '3.党员红色基地教育实践活动', 6, 2022, '2023-12-19 22:48:01', '1', NULL, NULL, 0, NULL, 1, 2, NULL),
(2297, '党建工作', '领导班子与组织建设工作', 2, '9', '9.党员红色基地教育实践活动', 6, 2022, '2023-12-19 22:48:01', '1', NULL, NULL, 0, NULL, 1, 2, NULL),
(2298, '教学工作', '领导班子与组织建设工作', 1, '1', '8.召开院党委会', 6, 2022, '2023-12-19 22:48:01', '1', NULL, NULL, 0, NULL, 1, 3, NULL),
(2299, '学生工作', '党风廉政建设工作', 4, '7', '1.入党积极分子确定', 6, 2022, '2023-12-19 22:48:01', '1', NULL, NULL, 0, NULL, 1, 3, NULL),
(2300, '科研工作', '党风廉政建设工作', 3, '7', '5.梳理年度任务分解清单中的各项任务落实情况', 6, 2022, '2023-12-19 22:48:01', '1', NULL, NULL, 0, NULL, 1, 3, NULL),
(2301, '招生工作', '党风廉政建设工作', 2, '5', '8.梳理年度任务分解清单中的各项任务落实情况', 7, 2022, '2023-12-19 22:48:01', '1', NULL, NULL, 0, NULL, 1, 2, NULL),
(2302, '招生工作', '党风廉政建设工作', 4, '2', '8.党员红色基地教育实践活动', 7, 2022, '2023-12-19 22:48:01', '1', NULL, NULL, 0, NULL, 1, 3, NULL),
(2303, '招生工作', '领导班子与组织建设工作', 2, '6', '7.入党积极分子确定', 7, 2022, '2023-12-19 22:48:01', '1', NULL, NULL, 0, NULL, 1, 1, NULL),
(2304, '科研工作', '党风廉政建设工作', 1, '5', '3.梳理年度任务分解清单中的各项任务落实情况', 7, 2022, '2023-12-19 22:48:01', '1', NULL, NULL, 0, NULL, 1, 1, NULL),
(2305, '学生工作', '党风廉政建设工作', 1, '3', '6.召开院党委会', 7, 2022, '2023-12-19 22:48:01', '1', NULL, NULL, 0, NULL, 1, 3, NULL),
(2306, '后勤工作', '党风廉政建设工作', 3, '9', '9.校党委专项检查工作', 7, 2022, '2023-12-19 22:48:01', '1', NULL, NULL, 0, NULL, 1, 3, NULL),
(2307, '后勤工作', '党风廉政建设工作', 1, '5', '3.各支部书记讲党课', 7, 2022, '2023-12-19 22:48:01', '1', NULL, NULL, 0, NULL, 1, 2, NULL),
(2308, '学生工作', '党风廉政建设工作', 2, '5', '3.召开院党委会、院党政联席会', 7, 2022, '2023-12-19 22:48:01', '1', NULL, NULL, 0, NULL, 1, 1, NULL),
(2309, '财务工作', '领导班子与组织建设工作', 3, '8', '9.梳理年度任务分解清单中的各项任务落实情况', 7, 2022, '2023-12-19 22:48:01', '1', NULL, NULL, 0, NULL, 1, 4, NULL),
(2310, '科研工作', '领导班子与组织建设工作', 2, '4', '7.召开院党委会', 7, 2022, '2023-12-19 22:48:01', '1', NULL, NULL, 0, NULL, 1, 1, NULL),
(2311, '后勤工作', '领导班子与组织建设工作', 4, '1', '2.召开会议专题研究党风廉政建设', 7, 2022, '2023-12-19 22:48:01', '1', NULL, NULL, 0, NULL, 1, 4, NULL),
(2312, '学生工作', '领导班子与组织建设工作', 4, '9', '2.梳理年度任务分解清单中的各项任务落实情况', 7, 2022, '2023-12-19 22:48:01', '1', NULL, NULL, 0, NULL, 1, 3, NULL),
(2313, '财务工作', '领导班子与组织建设工作', 2, '8', '9.校党委专项检查工作', 7, 2022, '2023-12-19 22:48:01', '1', NULL, NULL, 0, NULL, 1, 4, NULL),
(2314, '党建工作', '领导班子与组织建设工作', 4, '9', '9.召开会议专题研究党风廉政建设', 7, 2022, '2023-12-19 22:48:01', '1', NULL, NULL, 0, NULL, 1, 3, NULL),
(2315, '科研工作', '党风廉政建设工作', 3, '3', '7.党员红色基地教育实践活动', 7, 2022, '2023-12-19 22:48:01', '1', NULL, NULL, 0, NULL, 1, 3, NULL),
(2316, '学生工作', '党风廉政建设工作', 2, '8', '8.庆祝建党系列活动', 7, 2022, '2023-12-19 22:48:01', '1', NULL, NULL, 0, NULL, 1, 1, NULL),
(2317, '教学工作', '领导班子与组织建设工作', 4, '2', '7.召开院党委会', 7, 2022, '2023-12-19 22:48:01', '1', NULL, NULL, 0, NULL, 1, 1, NULL),
(2318, '党建工作', '领导班子与组织建设工作', 1, '2', '4.校党委专项检查工作', 7, 2022, '2023-12-19 22:48:01', '1', NULL, NULL, 0, NULL, 1, 1, NULL),
(2319, '党建工作', '领导班子与组织建设工作', 1, '4', '3.召开院党委会', 7, 2022, '2023-12-19 22:48:01', '1', NULL, NULL, 0, NULL, 1, 4, NULL),
(2320, '党建工作', '领导班子与组织建设工作', 4, '8', '7.召开院党委会、院党政联席会', 7, 2022, '2023-12-19 22:48:01', '1', NULL, NULL, 0, NULL, 1, 1, NULL),
(2321, '后勤工作', '领导班子与组织建设工作', 4, '7', '5.召开院党委会、院党政联席会', 7, 2022, '2023-12-19 22:48:01', '1', NULL, NULL, 0, NULL, 1, 1, NULL),
(2322, '招生工作', '领导班子与组织建设工作', 1, '8', '5.庆祝建党系列活动', 7, 2022, '2023-12-19 22:48:01', '1', NULL, NULL, 0, NULL, 1, 1, NULL),
(2323, '教学工作', '领导班子与组织建设工作', 2, '7', '10.召开院党委会、院党政联席会', 7, 2022, '2023-12-19 22:48:01', '1', NULL, NULL, 0, NULL, 1, 2, NULL),
(2324, '学生工作', '党风廉政建设工作', 4, '3', '2.入党积极分子确定', 7, 2022, '2023-12-19 22:48:01', '1', NULL, NULL, 0, NULL, 1, 2, NULL),
(2325, '科研工作', '领导班子与组织建设工作', 3, '6', '4.党员红色基地教育实践活动', 7, 2022, '2023-12-19 22:48:01', '1', NULL, NULL, 0, NULL, 1, 3, NULL),
(2326, '后勤工作', '党风廉政建设工作', 4, '5', '7.各支部书记讲党课', 7, 2022, '2023-12-19 22:48:01', '1', NULL, NULL, 0, NULL, 1, 1, NULL),
(2327, '后勤工作', '领导班子与组织建设工作', 1, '1', '5.入党积极分子确定', 7, 2022, '2023-12-19 22:48:01', '1', NULL, NULL, 0, NULL, 1, 3, NULL),
(2328, '教学工作', '领导班子与组织建设工作', 1, '1', '7.梳理年度任务分解清单中的各项任务落实情况', 7, 2022, '2023-12-19 22:48:01', '1', NULL, NULL, 0, NULL, 1, 4, NULL),
(2329, '招生工作', '领导班子与组织建设工作', 1, '2', '8.庆祝建党系列活动', 7, 2022, '2023-12-19 22:48:01', '1', NULL, NULL, 0, NULL, 1, 1, NULL),
(2330, '招生工作', '党风廉政建设工作', 1, '7', '9.校党委专项检查工作', 7, 2022, '2023-12-19 22:48:01', '1', NULL, NULL, 0, NULL, 1, 2, NULL),
(2331, '招生工作', '领导班子与组织建设工作', 3, '7', '9.校党委专项检查工作', 7, 2022, '2023-12-19 22:48:01', '1', NULL, NULL, 0, NULL, 1, 2, NULL),
(2332, '后勤工作', '党风廉政建设工作', 3, '6', '1.召开会议专题研究党风廉政建设', 7, 2022, '2023-12-19 22:48:01', '1', NULL, NULL, 0, NULL, 1, 3, NULL),
(2333, '后勤工作', '领导班子与组织建设工作', 1, '7', '2.党员红色基地教育实践活动', 7, 2022, '2023-12-19 22:48:01', '1', NULL, NULL, 0, NULL, 1, 3, NULL),
(2334, '党建工作', '领导班子与组织建设工作', 3, '1', '8.各支部书记讲党课', 7, 2022, '2023-12-19 22:48:01', '1', NULL, NULL, 0, NULL, 1, 3, NULL),
(2335, '学生工作', '党风廉政建设工作', 1, '8', '8.庆祝建党系列活动', 7, 2022, '2023-12-19 22:48:01', '1', NULL, NULL, 0, NULL, 1, 3, NULL),
(2336, '财务工作', '领导班子与组织建设工作', 1, '3', '5.庆祝建党系列活动', 7, 2022, '2023-12-19 22:48:01', '1', NULL, NULL, 0, NULL, 1, 1, NULL),
(2337, '后勤工作', '党风廉政建设工作', 2, '4', '10.庆祝建党系列活动', 7, 2022, '2023-12-19 22:48:01', '1', NULL, NULL, 0, NULL, 1, 2, NULL),
(2338, '科研工作', '党风廉政建设工作', 2, '9', '5.入党积极分子确定', 7, 2022, '2023-12-19 22:48:01', '1', NULL, NULL, 0, NULL, 1, 3, NULL),
(2339, '科研工作', '领导班子与组织建设工作', 3, '9', '6.召开院党委会、院党政联席会', 7, 2022, '2023-12-19 22:48:01', '1', NULL, NULL, 0, NULL, 1, 4, NULL),
(2340, '党建工作', '领导班子与组织建设工作', 3, '7', '6.召开会议专题研究党风廉政建设', 7, 2022, '2023-12-19 22:48:01', '1', NULL, NULL, 0, NULL, 1, 1, NULL),
(2341, '科研工作', '领导班子与组织建设工作', 2, '6', '9.召开院党委会', 7, 2022, '2023-12-19 22:48:01', '1', NULL, NULL, 0, NULL, 1, 2, NULL),
(2342, '财务工作', '领导班子与组织建设工作', 1, '3', '1.入党积极分子确定', 7, 2022, '2023-12-19 22:48:01', '1', NULL, NULL, 0, NULL, 1, 1, NULL),
(2343, '财务工作', '领导班子与组织建设工作', 2, '3', '3.庆祝建党系列活动', 7, 2022, '2023-12-19 22:48:01', '1', NULL, NULL, 0, NULL, 1, 3, NULL),
(2344, '后勤工作', '党风廉政建设工作', 2, '9', '9.校党委专项检查工作', 7, 2022, '2023-12-19 22:48:01', '1', NULL, NULL, 0, NULL, 1, 1, NULL),
(2345, '教学工作', '党风廉政建设工作', 4, '5', '2.召开院党委会', 7, 2022, '2023-12-19 22:48:01', '1', NULL, NULL, 0, NULL, 1, 2, NULL),
(2346, '党建工作', '领导班子与组织建设工作', 4, '2', '7.庆祝建党系列活动', 7, 2022, '2023-12-19 22:48:01', '1', NULL, NULL, 0, NULL, 1, 1, NULL),
(2347, '教学工作', '领导班子与组织建设工作', 2, '3', '5.庆祝建党系列活动', 7, 2022, '2023-12-19 22:48:01', '1', NULL, NULL, 0, NULL, 1, 4, NULL),
(2348, '招生工作', '党风廉政建设工作', 3, '8', '6.梳理年度任务分解清单中的各项任务落实情况', 7, 2022, '2023-12-19 22:48:01', '1', NULL, NULL, 0, NULL, 1, 3, NULL),
(2349, '党建工作', '领导班子与组织建设工作', 1, '7', '6.各支部书记讲党课', 7, 2022, '2023-12-19 22:48:01', '1', NULL, NULL, 0, NULL, 1, 3, NULL),
(2350, '后勤工作', '领导班子与组织建设工作', 1, '8', '9.入党积极分子确定', 7, 2022, '2023-12-19 22:48:01', '1', NULL, NULL, 0, NULL, 1, 2, NULL),
(2351, '后勤工作', '领导班子与组织建设工作', 4, '9', '4.党员红色基地教育实践活动', 8, 2022, '2023-12-19 22:48:01', '1', NULL, NULL, 0, NULL, 1, 1, NULL),
(2352, '教学工作', '领导班子与组织建设工作', 1, '3', '10.梳理年度任务分解清单中的各项任务落实情况', 8, 2022, '2023-12-19 22:48:01', '1', NULL, NULL, 0, NULL, 1, 2, NULL),
(2353, '后勤工作', '党风廉政建设工作', 4, '8', '8.召开会议专题研究党风廉政建设', 8, 2022, '2023-12-19 22:48:01', '1', NULL, NULL, 0, NULL, 1, 2, NULL),
(2354, '财务工作', '领导班子与组织建设工作', 3, '6', '5.召开院党委会', 8, 2022, '2023-12-19 22:48:01', '1', NULL, NULL, 0, NULL, 1, 3, NULL),
(2355, '教学工作', '党风廉政建设工作', 1, '3', '2.召开院党委会、院党政联席会', 8, 2022, '2023-12-19 22:48:01', '1', NULL, NULL, 0, NULL, 1, 4, NULL),
(2356, '招生工作', '领导班子与组织建设工作', 3, '6', '3.召开院党委会、院党政联席会', 8, 2022, '2023-12-19 22:48:01', '1', NULL, NULL, 0, NULL, 1, 4, NULL),
(2357, '党建工作', '领导班子与组织建设工作', 2, '8', '2.各支部书记讲党课', 8, 2022, '2023-12-19 22:48:01', '1', NULL, NULL, 0, NULL, 1, 4, NULL),
(2358, '招生工作', '党风廉政建设工作', 1, '7', '4.召开会议专题研究党风廉政建设', 8, 2022, '2023-12-19 22:48:01', '1', NULL, NULL, 0, NULL, 1, 3, NULL),
(2359, '招生工作', '领导班子与组织建设工作', 3, '4', '6.召开会议专题研究党风廉政建设', 8, 2022, '2023-12-19 22:48:01', '1', NULL, NULL, 0, NULL, 1, 2, NULL),
(2360, '学生工作', '党风廉政建设工作', 1, '7', '3.召开会议专题研究党风廉政建设', 8, 2022, '2023-12-19 22:48:01', '1', NULL, NULL, 0, NULL, 1, 1, NULL),
(2361, '教学工作', '领导班子与组织建设工作', 1, '7', '1.庆祝建党系列活动', 8, 2022, '2023-12-19 22:48:01', '1', NULL, NULL, 0, NULL, 1, 3, NULL),
(2362, '科研工作', '领导班子与组织建设工作', 3, '2', '9.校党委专项检查工作', 8, 2022, '2023-12-19 22:48:01', '1', NULL, NULL, 0, NULL, 1, 4, NULL),
(2363, '学生工作', '领导班子与组织建设工作', 2, '6', '9.召开院党委会、院党政联席会', 8, 2022, '2023-12-19 22:48:01', '1', NULL, NULL, 0, NULL, 1, 3, NULL),
(2364, '科研工作', '领导班子与组织建设工作', 1, '1', '6.庆祝建党系列活动', 8, 2022, '2023-12-19 22:48:01', '1', NULL, NULL, 0, NULL, 1, 2, NULL),
(2365, '学生工作', '党风廉政建设工作', 2, '7', '8.梳理年度任务分解清单中的各项任务落实情况', 8, 2022, '2023-12-19 22:48:01', '1', NULL, NULL, 0, NULL, 1, 3, NULL),
(2366, '党建工作', '党风廉政建设工作', 3, '5', '6.专题研究部署工作', 8, 2022, '2023-12-19 22:48:01', '1', NULL, NULL, 0, NULL, 1, 4, NULL),
(2367, '教学工作', '党风廉政建设工作', 3, '6', '4.梳理年度任务分解清单中的各项任务落实情况', 8, 2022, '2023-12-19 22:48:01', '1', NULL, NULL, 0, NULL, 1, 4, NULL),
(2368, '教学工作', '党风廉政建设工作', 4, '5', '8.各支部书记讲党课', 8, 2022, '2023-12-19 22:48:01', '1', NULL, NULL, 0, NULL, 1, 2, NULL),
(2369, '后勤工作', '领导班子与组织建设工作', 2, '2', '5.专题研究部署工作', 8, 2022, '2023-12-19 22:48:01', '1', NULL, NULL, 0, NULL, 1, 1, NULL),
(2370, '科研工作', '党风廉政建设工作', 4, '7', '5.校党委专项检查工作', 8, 2022, '2023-12-19 22:48:01', '1', NULL, NULL, 0, NULL, 1, 2, NULL),
(2371, '招生工作', '党风廉政建设工作', 1, '9', '1.党员红色基地教育实践活动', 8, 2022, '2023-12-19 22:48:01', '1', NULL, NULL, 0, NULL, 1, 4, NULL),
(2372, '科研工作', '党风廉政建设工作', 4, '5', '1.召开院党委会、院党政联席会', 8, 2022, '2023-12-19 22:48:01', '1', NULL, NULL, 0, NULL, 1, 1, NULL),
(2373, '后勤工作', '党风廉政建设工作', 2, '4', '4.梳理年度任务分解清单中的各项任务落实情况', 8, 2022, '2023-12-19 22:48:01', '1', NULL, NULL, 0, NULL, 1, 1, NULL),
(2374, '招生工作', '党风廉政建设工作', 2, '5', '7.梳理年度任务分解清单中的各项任务落实情况', 8, 2022, '2023-12-19 22:48:01', '1', NULL, NULL, 0, NULL, 1, 4, NULL),
(2375, '后勤工作', '党风廉政建设工作', 4, '2', '10.召开院党委会', 8, 2022, '2023-12-19 22:48:01', '1', NULL, NULL, 0, NULL, 1, 3, NULL),
(2376, '招生工作', '领导班子与组织建设工作', 4, '7', '9.党员红色基地教育实践活动', 8, 2022, '2023-12-19 22:48:01', '1', NULL, NULL, 0, NULL, 1, 3, NULL),
(2377, '招生工作', '领导班子与组织建设工作', 4, '6', '10.入党积极分子确定', 8, 2022, '2023-12-19 22:48:01', '1', NULL, NULL, 0, NULL, 1, 4, NULL),
(2378, '科研工作', '党风廉政建设工作', 4, '2', '8.各支部书记讲党课', 8, 2022, '2023-12-19 22:48:01', '1', NULL, NULL, 0, NULL, 1, 1, NULL),
(2379, '教学工作', '党风廉政建设工作', 3, '5', '1.入党积极分子确定', 8, 2022, '2023-12-19 22:48:01', '1', NULL, NULL, 0, NULL, 1, 4, NULL),
(2380, '教学工作', '领导班子与组织建设工作', 4, '1', '10.庆祝建党系列活动', 8, 2022, '2023-12-19 22:48:01', '1', NULL, NULL, 0, NULL, 1, 2, NULL),
(2381, '招生工作', '党风廉政建设工作', 1, '4', '5.入党积极分子确定', 8, 2022, '2023-12-19 22:48:01', '1', NULL, NULL, 0, NULL, 1, 4, NULL),
(2382, '后勤工作', '党风廉政建设工作', 3, '1', '8.召开院党委会、院党政联席会', 8, 2022, '2023-12-19 22:48:01', '1', NULL, NULL, 0, NULL, 1, 1, NULL),
(2383, '学生工作', '领导班子与组织建设工作', 2, '3', '2.校党委专项检查工作', 8, 2022, '2023-12-19 22:48:01', '1', NULL, NULL, 0, NULL, 1, 3, NULL),
(2384, '招生工作', '领导班子与组织建设工作', 1, '9', '9.校党委专项检查工作', 8, 2022, '2023-12-19 22:48:01', '1', NULL, NULL, 0, NULL, 1, 2, NULL),
(2385, '后勤工作', '领导班子与组织建设工作', 4, '9', '8.庆祝建党系列活动', 8, 2022, '2023-12-19 22:48:01', '1', NULL, NULL, 0, NULL, 1, 2, NULL),
(2386, '党建工作', '领导班子与组织建设工作', 4, '5', '7.召开院党委会', 8, 2022, '2023-12-19 22:48:01', '1', NULL, NULL, 0, NULL, 1, 2, NULL),
(2387, '招生工作', '党风廉政建设工作', 1, '9', '7.召开院党委会、院党政联席会', 8, 2022, '2023-12-19 22:48:01', '1', NULL, NULL, 0, NULL, 1, 4, NULL),
(2388, '党建工作', '领导班子与组织建设工作', 4, '9', '5.召开会议专题研究党风廉政建设', 8, 2022, '2023-12-19 22:48:01', '1', NULL, NULL, 0, NULL, 1, 2, NULL),
(2389, '党建工作', '党风廉政建设工作', 2, '2', '9.党员红色基地教育实践活动', 8, 2022, '2023-12-19 22:48:01', '1', NULL, NULL, 0, NULL, 1, 3, NULL),
(2390, '学生工作', '党风廉政建设工作', 3, '7', '3.入党积极分子确定', 8, 2022, '2023-12-19 22:48:01', '1', NULL, NULL, 0, NULL, 1, 1, NULL),
(2391, '招生工作', '领导班子与组织建设工作', 3, '6', '7.入党积极分子确定', 8, 2022, '2023-12-19 22:48:01', '1', NULL, NULL, 0, NULL, 1, 4, NULL),
(2392, '学生工作', '党风廉政建设工作', 4, '6', '10.召开院党委会、院党政联席会', 8, 2022, '2023-12-19 22:48:01', '1', NULL, NULL, 0, NULL, 1, 3, NULL),
(2393, '学生工作', '领导班子与组织建设工作', 3, '2', '8.入党积极分子确定', 8, 2022, '2023-12-19 22:48:01', '1', NULL, NULL, 0, NULL, 1, 3, NULL),
(2394, '党建工作', '领导班子与组织建设工作', 1, '2', '2.党员红色基地教育实践活动', 8, 2022, '2023-12-19 22:48:01', '1', NULL, NULL, 0, NULL, 1, 2, NULL),
(2395, '财务工作', '领导班子与组织建设工作', 2, '7', '6.各支部书记讲党课', 8, 2022, '2023-12-19 22:48:01', '1', NULL, NULL, 0, NULL, 1, 1, NULL),
(2396, '财务工作', '领导班子与组织建设工作', 4, '8', '9.入党积极分子确定', 8, 2022, '2023-12-19 22:48:01', '1', NULL, NULL, 0, NULL, 1, 4, NULL),
(2397, '后勤工作', '领导班子与组织建设工作', 3, '7', '2.召开会议专题研究党风廉政建设', 8, 2022, '2023-12-19 22:48:01', '1', NULL, NULL, 0, NULL, 1, 1, NULL),
(2398, '财务工作', '领导班子与组织建设工作', 2, '1', '10.庆祝建党系列活动', 8, 2022, '2023-12-19 22:48:01', '1', NULL, NULL, 0, NULL, 1, 3, NULL),
(2399, '教学工作', '党风廉政建设工作', 3, '7', '10.召开院党委会', 8, 2022, '2023-12-19 22:48:01', '1', NULL, NULL, 0, NULL, 1, 2, NULL),
(2400, '财务工作', '党风廉政建设工作', 2, '8', '3.召开院党委会', 8, 2022, '2023-12-19 22:48:01', '1', NULL, NULL, 0, NULL, 1, 2, NULL),
(2401, '学生工作', '领导班子与组织建设工作', 3, '1', '10.党员红色基地教育实践活动', 9, 2022, '2023-12-19 22:48:01', '1', NULL, NULL, 0, NULL, 1, 3, NULL),
(2402, '招生工作', '党风廉政建设工作', 4, '3', '4.校党委专项检查工作', 9, 2022, '2023-12-19 22:48:01', '1', NULL, NULL, 0, NULL, 1, 4, NULL),
(2403, '后勤工作', '领导班子与组织建设工作', 4, '4', '10.召开院党委会', 9, 2022, '2023-12-19 22:48:01', '1', NULL, NULL, 0, NULL, 1, 3, NULL),
(2404, '党建工作', '领导班子与组织建设工作', 4, '2', '6.召开院党委会、院党政联席会', 9, 2022, '2023-12-19 22:48:01', '1', NULL, NULL, 0, NULL, 1, 1, NULL),
(2405, '学生工作', '党风廉政建设工作', 1, '1', '3.庆祝建党系列活动', 9, 2022, '2023-12-19 22:48:01', '1', NULL, NULL, 0, NULL, 1, 1, NULL),
(2406, '财务工作', '领导班子与组织建设工作', 4, '1', '5.召开会议专题研究党风廉政建设', 9, 2022, '2023-12-19 22:48:01', '1', NULL, NULL, 0, NULL, 1, 1, NULL),
(2407, '教学工作', '领导班子与组织建设工作', 3, '6', '9.专题研究部署工作', 9, 2022, '2023-12-19 22:48:01', '1', NULL, NULL, 0, NULL, 1, 2, NULL),
(2408, '后勤工作', '领导班子与组织建设工作', 3, '3', '4.召开院党委会、院党政联席会', 9, 2022, '2023-12-19 22:48:01', '1', NULL, NULL, 0, NULL, 1, 3, NULL),
(2409, '后勤工作', '领导班子与组织建设工作', 4, '6', '5.庆祝建党系列活动', 9, 2022, '2023-12-19 22:48:01', '1', NULL, NULL, 0, NULL, 1, 4, NULL),
(2410, '党建工作', '党风廉政建设工作', 2, '8', '8.召开院党委会、院党政联席会', 9, 2022, '2023-12-19 22:48:01', '1', NULL, NULL, 0, NULL, 1, 4, NULL),
(2411, '财务工作', '党风廉政建设工作', 1, '5', '9.梳理年度任务分解清单中的各项任务落实情况', 9, 2022, '2023-12-19 22:48:01', '1', NULL, NULL, 0, NULL, 1, 1, NULL),
(2412, '财务工作', '党风廉政建设工作', 2, '3', '10.庆祝建党系列活动', 9, 2022, '2023-12-19 22:48:01', '1', NULL, NULL, 0, NULL, 1, 2, NULL),
(2413, '党建工作', '领导班子与组织建设工作', 2, '6', '2.召开院党委会', 9, 2022, '2023-12-19 22:48:01', '1', NULL, NULL, 0, NULL, 1, 3, NULL),
(2414, '党建工作', '领导班子与组织建设工作', 1, '5', '4.召开会议专题研究党风廉政建设', 9, 2022, '2023-12-19 22:48:01', '1', NULL, NULL, 0, NULL, 1, 1, NULL),
(2415, '学生工作', '领导班子与组织建设工作', 4, '5', '4.召开院党委会', 9, 2022, '2023-12-19 22:48:01', '1', NULL, NULL, 0, NULL, 1, 1, NULL),
(2416, '科研工作', '党风廉政建设工作', 4, '5', '2.校党委专项检查工作', 9, 2022, '2023-12-19 22:48:01', '1', NULL, NULL, 0, NULL, 1, 2, NULL),
(2417, '党建工作', '党风廉政建设工作', 2, '9', '1.梳理年度任务分解清单中的各项任务落实情况', 9, 2022, '2023-12-19 22:48:01', '1', NULL, NULL, 0, NULL, 1, 2, NULL),
(2418, '科研工作', '党风廉政建设工作', 2, '2', '6.专题研究部署工作', 9, 2022, '2023-12-19 22:48:01', '1', NULL, NULL, 0, NULL, 1, 3, NULL),
(2419, '党建工作', '领导班子与组织建设工作', 1, '7', '10.校党委专项检查工作', 9, 2022, '2023-12-19 22:48:01', '1', NULL, NULL, 0, NULL, 1, 4, NULL),
(2420, '科研工作', '领导班子与组织建设工作', 4, '8', '7.梳理年度任务分解清单中的各项任务落实情况', 9, 2022, '2023-12-19 22:48:01', '1', NULL, NULL, 0, NULL, 1, 1, NULL),
(2421, '学生工作', '党风廉政建设工作', 1, '4', '5.校党委专项检查工作', 9, 2022, '2023-12-19 22:48:01', '1', NULL, NULL, 0, NULL, 1, 3, NULL),
(2422, '学生工作', '领导班子与组织建设工作', 4, '3', '10.入党积极分子确定', 9, 2022, '2023-12-19 22:48:01', '1', NULL, NULL, 0, NULL, 1, 2, NULL),
(2423, '学生工作', '领导班子与组织建设工作', 2, '4', '6.入党积极分子确定', 9, 2022, '2023-12-19 22:48:01', '1', NULL, NULL, 0, NULL, 1, 2, NULL),
(2424, '教学工作', '领导班子与组织建设工作', 2, '6', '9.召开会议专题研究党风廉政建设', 9, 2022, '2023-12-19 22:48:01', '1', NULL, NULL, 0, NULL, 1, 4, NULL),
(2425, '党建工作', '党风廉政建设工作', 1, '5', '10.专题研究部署工作', 9, 2022, '2023-12-19 22:48:01', '1', NULL, NULL, 0, NULL, 1, 3, NULL),
(2426, '招生工作', '党风廉政建设工作', 2, '4', '3.庆祝建党系列活动', 9, 2022, '2023-12-19 22:48:01', '1', NULL, NULL, 0, NULL, 1, 4, NULL),
(2427, '财务工作', '党风廉政建设工作', 3, '5', '3.召开院党委会、院党政联席会', 9, 2022, '2023-12-19 22:48:01', '1', NULL, NULL, 0, NULL, 1, 1, NULL),
(2428, '后勤工作', '领导班子与组织建设工作', 3, '8', '7.党员红色基地教育实践活动', 9, 2022, '2023-12-19 22:48:01', '1', NULL, NULL, 0, NULL, 1, 2, NULL),
(2429, '招生工作', '领导班子与组织建设工作', 3, '7', '3.梳理年度任务分解清单中的各项任务落实情况', 9, 2022, '2023-12-19 22:48:01', '1', NULL, NULL, 0, NULL, 1, 2, NULL),
(2430, '党建工作', '领导班子与组织建设工作', 1, '7', '3.庆祝建党系列活动', 9, 2022, '2023-12-19 22:48:01', '1', NULL, NULL, 0, NULL, 1, 4, NULL),
(2431, '招生工作', '党风廉政建设工作', 4, '2', '8.召开院党委会', 9, 2022, '2023-12-19 22:48:01', '1', NULL, NULL, 0, NULL, 1, 3, NULL),
(2432, '教学工作', '领导班子与组织建设工作', 4, '1', '5.庆祝建党系列活动', 9, 2022, '2023-12-19 22:48:01', '1', NULL, NULL, 0, NULL, 1, 2, NULL),
(2433, '教学工作', '党风廉政建设工作', 2, '6', '10.庆祝建党系列活动', 9, 2022, '2023-12-19 22:48:01', '1', NULL, NULL, 0, NULL, 1, 2, NULL),
(2434, '招生工作', '党风廉政建设工作', 1, '7', '8.召开会议专题研究党风廉政建设', 9, 2022, '2023-12-19 22:48:01', '1', NULL, NULL, 0, NULL, 1, 4, NULL),
(2435, '科研工作', '党风廉政建设工作', 4, '5', '2.各支部书记讲党课', 9, 2022, '2023-12-19 22:48:01', '1', NULL, NULL, 0, NULL, 1, 1, NULL),
(2436, '招生工作', '党风廉政建设工作', 4, '1', '9.梳理年度任务分解清单中的各项任务落实情况', 9, 2022, '2023-12-19 22:48:01', '1', NULL, NULL, 0, NULL, 1, 4, NULL),
(2437, '教学工作', '党风廉政建设工作', 1, '6', '3.校党委专项检查工作', 9, 2022, '2023-12-19 22:48:01', '1', NULL, NULL, 0, NULL, 1, 2, NULL),
(2438, '财务工作', '党风廉政建设工作', 2, '2', '5.党员红色基地教育实践活动', 9, 2022, '2023-12-19 22:48:01', '1', NULL, NULL, 0, NULL, 1, 4, NULL),
(2439, '党建工作', '党风廉政建设工作', 3, '2', '9.党员红色基地教育实践活动', 9, 2022, '2023-12-19 22:48:01', '1', NULL, NULL, 0, NULL, 1, 3, NULL),
(2440, '学生工作', '党风廉政建设工作', 1, '6', '2.庆祝建党系列活动', 9, 2022, '2023-12-19 22:48:01', '1', NULL, NULL, 0, NULL, 1, 2, NULL),
(2441, '党建工作', '党风廉政建设工作', 3, '2', '4.召开院党委会', 9, 2022, '2023-12-19 22:48:01', '1', NULL, NULL, 0, NULL, 1, 3, NULL),
(2442, '后勤工作', '领导班子与组织建设工作', 1, '7', '9.梳理年度任务分解清单中的各项任务落实情况', 9, 2022, '2023-12-19 22:48:01', '1', NULL, NULL, 0, NULL, 1, 3, NULL),
(2443, '招生工作', '党风廉政建设工作', 4, '2', '9.庆祝建党系列活动', 9, 2022, '2023-12-19 22:48:01', '1', NULL, NULL, 0, NULL, 1, 3, NULL),
(2444, '后勤工作', '党风廉政建设工作', 2, '7', '6.梳理年度任务分解清单中的各项任务落实情况', 9, 2022, '2023-12-19 22:48:01', '1', NULL, NULL, 0, NULL, 1, 4, NULL),
(2445, '科研工作', '党风廉政建设工作', 4, '5', '7.庆祝建党系列活动', 9, 2022, '2023-12-19 22:48:01', '1', NULL, NULL, 0, NULL, 1, 2, NULL),
(2446, '教学工作', '党风廉政建设工作', 2, '4', '9.召开会议专题研究党风廉政建设', 9, 2022, '2023-12-19 22:48:01', '1', NULL, NULL, 0, NULL, 1, 1, NULL),
(2447, '招生工作', '领导班子与组织建设工作', 1, '2', '10.召开院党委会、院党政联席会', 9, 2022, '2023-12-19 22:48:01', '1', NULL, NULL, 0, NULL, 1, 1, NULL),
(2448, '教学工作', '党风廉政建设工作', 2, '9', '6.党员红色基地教育实践活动', 9, 2022, '2023-12-19 22:48:01', '1', NULL, NULL, 0, NULL, 1, 4, NULL),
(2449, '财务工作', '领导班子与组织建设工作', 2, '4', '7.召开会议专题研究党风廉政建设', 9, 2022, '2023-12-19 22:48:01', '1', NULL, NULL, 0, NULL, 1, 4, NULL),
(2450, '教学工作', '领导班子与组织建设工作', 3, '6', '5.召开院党委会', 9, 2022, '2023-12-19 22:48:01', '1', NULL, NULL, 0, NULL, 1, 4, NULL),
(2451, '党建工作', '领导班子与组织建设工作', 3, '6', '7.专题研究部署工作', 10, 2022, '2023-12-19 22:48:01', '1', NULL, NULL, 0, NULL, 1, 4, NULL),
(2452, '教学工作', '领导班子与组织建设工作', 1, '1', '7.各支部书记讲党课', 10, 2022, '2023-12-19 22:48:01', '1', NULL, NULL, 0, NULL, 1, 1, NULL),
(2453, '后勤工作', '领导班子与组织建设工作', 4, '2', '5.专题研究部署工作', 10, 2022, '2023-12-19 22:48:01', '1', NULL, NULL, 0, NULL, 1, 2, NULL),
(2454, '财务工作', '领导班子与组织建设工作', 4, '6', '9.庆祝建党系列活动', 10, 2022, '2023-12-19 22:48:01', '1', NULL, NULL, 0, NULL, 1, 4, NULL),
(2455, '学生工作', '领导班子与组织建设工作', 1, '8', '5.入党积极分子确定', 10, 2022, '2023-12-19 22:48:01', '1', NULL, NULL, 0, NULL, 1, 4, NULL),
(2456, '学生工作', '领导班子与组织建设工作', 4, '4', '1.庆祝建党系列活动', 10, 2022, '2023-12-19 22:48:01', '1', NULL, NULL, 0, NULL, 1, 2, NULL),
(2457, '学生工作', '领导班子与组织建设工作', 1, '6', '9.梳理年度任务分解清单中的各项任务落实情况', 10, 2022, '2023-12-19 22:48:01', '1', NULL, NULL, 0, NULL, 1, 2, NULL),
(2458, '学生工作', '领导班子与组织建设工作', 3, '4', '10.校党委专项检查工作', 10, 2022, '2023-12-19 22:48:01', '1', NULL, NULL, 0, NULL, 1, 2, NULL),
(2459, '财务工作', '党风廉政建设工作', 2, '6', '2.召开院党委会', 10, 2022, '2023-12-19 22:48:01', '1', NULL, NULL, 0, NULL, 1, 1, NULL),
(2460, '教学工作', '党风廉政建设工作', 4, '9', '8.各支部书记讲党课', 10, 2022, '2023-12-19 22:48:01', '1', NULL, NULL, 0, NULL, 1, 2, NULL),
(2461, '科研工作', '领导班子与组织建设工作', 2, '6', '6.校党委专项检查工作', 10, 2022, '2023-12-19 22:48:01', '1', NULL, NULL, 0, NULL, 1, 3, NULL),
(2462, '后勤工作', '党风廉政建设工作', 3, '5', '3.党员红色基地教育实践活动', 10, 2022, '2023-12-19 22:48:01', '1', NULL, NULL, 0, NULL, 1, 1, NULL),
(2463, '教学工作', '党风廉政建设工作', 1, '9', '8.召开院党委会、院党政联席会', 10, 2022, '2023-12-19 22:48:01', '1', NULL, NULL, 0, NULL, 1, 3, NULL),
(2464, '财务工作', '党风廉政建设工作', 3, '7', '1.专题研究部署工作', 10, 2022, '2023-12-19 22:48:01', '1', NULL, NULL, 0, NULL, 1, 2, NULL),
(2465, '学生工作', '党风廉政建设工作', 1, '4', '2.专题研究部署工作', 10, 2022, '2023-12-19 22:48:01', '1', NULL, NULL, 0, NULL, 1, 3, NULL),
(2466, '招生工作', '党风廉政建设工作', 2, '2', '5.入党积极分子确定', 10, 2022, '2023-12-19 22:48:01', '1', NULL, NULL, 0, NULL, 1, 4, NULL),
(2467, '党建工作', '党风廉政建设工作', 3, '6', '5.召开会议专题研究党风廉政建设', 10, 2022, '2023-12-19 22:48:01', '1', NULL, NULL, 0, NULL, 1, 1, NULL),
(2468, '教学工作', '党风廉政建设工作', 4, '3', '10.党员红色基地教育实践活动', 10, 2022, '2023-12-19 22:48:01', '1', NULL, NULL, 0, NULL, 1, 3, NULL),
(2469, '招生工作', '领导班子与组织建设工作', 2, '6', '9.梳理年度任务分解清单中的各项任务落实情况', 10, 2022, '2023-12-19 22:48:01', '1', NULL, NULL, 0, NULL, 1, 3, NULL),
(2470, '科研工作', '党风廉政建设工作', 2, '5', '3.梳理年度任务分解清单中的各项任务落实情况', 10, 2022, '2023-12-19 22:48:01', '1', NULL, NULL, 0, NULL, 1, 2, NULL),
(2471, '财务工作', '党风廉政建设工作', 2, '5', '1.校党委专项检查工作', 10, 2022, '2023-12-19 22:48:01', '1', NULL, NULL, 0, NULL, 1, 4, NULL),
(2472, '科研工作', '党风廉政建设工作', 2, '4', '7.各支部书记讲党课', 10, 2022, '2023-12-19 22:48:01', '1', NULL, NULL, 0, NULL, 1, 1, NULL),
(2473, '教学工作', '领导班子与组织建设工作', 4, '1', '5.召开院党委会', 10, 2022, '2023-12-19 22:48:01', '1', NULL, NULL, 0, NULL, 1, 3, NULL),
(2474, '科研工作', '领导班子与组织建设工作', 3, '8', '8.入党积极分子确定', 10, 2022, '2023-12-19 22:48:01', '1', NULL, NULL, 0, NULL, 1, 3, NULL),
(2475, '招生工作', '领导班子与组织建设工作', 4, '4', '9.召开院党委会、院党政联席会', 10, 2022, '2023-12-19 22:48:01', '1', NULL, NULL, 0, NULL, 1, 2, NULL),
(2476, '招生工作', '党风廉政建设工作', 3, '9', '4.庆祝建党系列活动', 10, 2022, '2023-12-19 22:48:01', '1', NULL, NULL, 0, NULL, 1, 4, NULL),
(2477, '财务工作', '领导班子与组织建设工作', 3, '9', '9.入党积极分子确定', 10, 2022, '2023-12-19 22:48:01', '1', NULL, NULL, 0, NULL, 1, 2, NULL),
(2478, '党建工作', '党风廉政建设工作', 4, '6', '1.庆祝建党系列活动', 10, 2022, '2023-12-19 22:48:01', '1', NULL, NULL, 0, NULL, 1, 3, NULL),
(2479, '招生工作', '党风廉政建设工作', 2, '8', '10.召开院党委会、院党政联席会', 10, 2022, '2023-12-19 22:48:01', '1', NULL, NULL, 0, NULL, 1, 3, NULL),
(2480, '招生工作', '领导班子与组织建设工作', 1, '5', '1.校党委专项检查工作', 10, 2022, '2023-12-19 22:48:01', '1', NULL, NULL, 0, NULL, 1, 3, NULL),
(2481, '财务工作', '党风廉政建设工作', 4, '3', '10.校党委专项检查工作', 10, 2022, '2023-12-19 22:48:01', '1', NULL, NULL, 0, NULL, 1, 1, NULL),
(2482, '学生工作', '领导班子与组织建设工作', 2, '8', '10.各支部书记讲党课', 10, 2022, '2023-12-19 22:48:01', '1', NULL, NULL, 0, NULL, 1, 2, NULL),
(2483, '后勤工作', '党风廉政建设工作', 2, '4', '8.入党积极分子确定', 10, 2022, '2023-12-19 22:48:01', '1', NULL, NULL, 0, NULL, 1, 2, NULL),
(2484, '招生工作', '领导班子与组织建设工作', 1, '6', '1.召开院党委会、院党政联席会', 10, 2022, '2023-12-19 22:48:01', '1', NULL, NULL, 0, NULL, 1, 4, NULL),
(2485, '党建工作', '党风廉政建设工作', 2, '4', '3.入党积极分子确定', 10, 2022, '2023-12-19 22:48:01', '1', NULL, NULL, 0, NULL, 1, 2, NULL),
(2486, '财务工作', '领导班子与组织建设工作', 3, '9', '4.召开院党委会、院党政联席会', 10, 2022, '2023-12-19 22:48:01', '1', NULL, NULL, 0, NULL, 1, 1, NULL),
(2487, '学生工作', '领导班子与组织建设工作', 4, '1', '8.庆祝建党系列活动', 10, 2022, '2023-12-19 22:48:01', '1', NULL, NULL, 0, NULL, 1, 2, NULL),
(2488, '学生工作', '领导班子与组织建设工作', 2, '4', '3.召开会议专题研究党风廉政建设', 10, 2022, '2023-12-19 22:48:01', '1', NULL, NULL, 0, NULL, 1, 4, NULL),
(2489, '招生工作', '党风廉政建设工作', 1, '3', '5.召开院党委会、院党政联席会', 10, 2022, '2023-12-19 22:48:01', '1', NULL, NULL, 0, NULL, 1, 4, NULL),
(2490, '学生工作', '党风廉政建设工作', 2, '2', '8.召开院党委会', 10, 2022, '2023-12-19 22:48:01', '1', NULL, NULL, 0, NULL, 1, 3, NULL),
(2491, '招生工作', '党风廉政建设工作', 1, '2', '8.党员红色基地教育实践活动', 10, 2022, '2023-12-19 22:48:01', '1', NULL, NULL, 0, NULL, 1, 4, NULL),
(2492, '党建工作', '领导班子与组织建设工作', 4, '3', '1.召开会议专题研究党风廉政建设', 10, 2022, '2023-12-19 22:48:01', '1', NULL, NULL, 0, NULL, 1, 4, NULL),
(2493, '学生工作', '领导班子与组织建设工作', 1, '9', '10.入党积极分子确定', 10, 2022, '2023-12-19 22:48:01', '1', NULL, NULL, 0, NULL, 1, 1, NULL),
(2494, '学生工作', '领导班子与组织建设工作', 2, '7', '6.梳理年度任务分解清单中的各项任务落实情况', 10, 2022, '2023-12-19 22:48:01', '1', NULL, NULL, 0, NULL, 1, 2, NULL),
(2495, '后勤工作', '领导班子与组织建设工作', 1, '3', '3.召开院党委会、院党政联席会', 10, 2022, '2023-12-19 22:48:01', '1', NULL, NULL, 0, NULL, 1, 3, NULL),
(2496, '后勤工作', '党风廉政建设工作', 4, '4', '5.召开会议专题研究党风廉政建设', 10, 2022, '2023-12-19 22:48:01', '1', NULL, NULL, 0, NULL, 1, 3, NULL),
(2497, '教学工作', '党风廉政建设工作', 4, '7', '8.庆祝建党系列活动', 10, 2022, '2023-12-19 22:48:01', '1', NULL, NULL, 0, NULL, 1, 3, NULL),
(2498, '招生工作', '领导班子与组织建设工作', 1, '7', '1.各支部书记讲党课', 10, 2022, '2023-12-19 22:48:01', '1', NULL, NULL, 0, NULL, 1, 1, NULL),
(2499, '招生工作', '领导班子与组织建设工作', 1, '2', '10.召开会议专题研究党风廉政建设', 10, 2022, '2023-12-19 22:48:01', '1', NULL, NULL, 0, NULL, 1, 3, NULL),
(2500, '后勤工作', '党风廉政建设工作', 3, '4', '10.召开院党委会', 10, 2022, '2023-12-19 22:48:01', '1', NULL, NULL, 0, NULL, 1, 1, NULL),
(2501, '学生工作', '党风廉政建设工作', 3, '7', '3.各支部书记讲党课', 11, 2022, '2023-12-19 22:48:01', '1', NULL, NULL, 0, NULL, 1, 4, NULL),
(2502, '学生工作', '领导班子与组织建设工作', 2, '5', '5.召开院党委会、院党政联席会', 11, 2022, '2023-12-19 22:48:01', '1', NULL, NULL, 0, NULL, 1, 4, NULL),
(2503, '学生工作', '领导班子与组织建设工作', 1, '8', '2.庆祝建党系列活动', 11, 2022, '2023-12-19 22:48:01', '1', NULL, NULL, 0, NULL, 1, 1, NULL),
(2504, '招生工作', '领导班子与组织建设工作', 2, '9', '10.校党委专项检查工作', 11, 2022, '2023-12-19 22:48:01', '1', NULL, NULL, 0, NULL, 1, 4, NULL),
(2505, '科研工作', '领导班子与组织建设工作', 3, '8', '10.梳理年度任务分解清单中的各项任务落实情况', 11, 2022, '2023-12-19 22:48:01', '1', NULL, NULL, 0, NULL, 1, 1, NULL),
(2506, '学生工作', '领导班子与组织建设工作', 2, '6', '4.召开院党委会、院党政联席会', 11, 2022, '2023-12-19 22:48:01', '1', NULL, NULL, 0, NULL, 1, 2, NULL),
(2507, '教学工作', '党风廉政建设工作', 4, '6', '7.校党委专项检查工作', 11, 2022, '2023-12-19 22:48:01', '1', NULL, NULL, 0, NULL, 1, 2, NULL),
(2508, '财务工作', '党风廉政建设工作', 3, '9', '3.庆祝建党系列活动', 11, 2022, '2023-12-19 22:48:01', '1', NULL, NULL, 0, NULL, 1, 1, NULL),
(2509, '科研工作', '领导班子与组织建设工作', 2, '4', '2.各支部书记讲党课', 11, 2022, '2023-12-19 22:48:01', '1', NULL, NULL, 0, NULL, 1, 1, NULL),
(2510, '科研工作', '党风廉政建设工作', 3, '5', '2.入党积极分子确定', 11, 2022, '2023-12-19 22:48:01', '1', NULL, NULL, 0, NULL, 1, 1, NULL),
(2511, '教学工作', '领导班子与组织建设工作', 3, '6', '9.梳理年度任务分解清单中的各项任务落实情况', 11, 2022, '2023-12-19 22:48:01', '1', NULL, NULL, 0, NULL, 1, 4, NULL),
(2512, '学生工作', '党风廉政建设工作', 3, '1', '6.召开院党委会、院党政联席会', 11, 2022, '2023-12-19 22:48:01', '1', NULL, NULL, 0, NULL, 1, 1, NULL),
(2513, '财务工作', '党风廉政建设工作', 3, '3', '3.召开院党委会', 11, 2022, '2023-12-19 22:48:01', '1', NULL, NULL, 0, NULL, 1, 4, NULL),
(2514, '招生工作', '党风廉政建设工作', 2, '4', '1.各支部书记讲党课', 11, 2022, '2023-12-19 22:48:01', '1', NULL, NULL, 0, NULL, 1, 1, NULL),
(2515, '科研工作', '领导班子与组织建设工作', 3, '7', '7.各支部书记讲党课', 11, 2022, '2023-12-19 22:48:01', '1', NULL, NULL, 0, NULL, 1, 2, NULL),
(2516, '财务工作', '党风廉政建设工作', 4, '9', '6.召开院党委会', 11, 2022, '2023-12-19 22:48:01', '1', NULL, NULL, 0, NULL, 1, 4, NULL),
(2517, '招生工作', '领导班子与组织建设工作', 4, '9', '6.校党委专项检查工作', 11, 2022, '2023-12-19 22:48:01', '1', NULL, NULL, 0, NULL, 1, 2, NULL),
(2518, '教学工作', '党风廉政建设工作', 3, '7', '7.梳理年度任务分解清单中的各项任务落实情况', 11, 2022, '2023-12-19 22:48:01', '1', NULL, NULL, 0, NULL, 1, 1, NULL),
(2519, '财务工作', '领导班子与组织建设工作', 3, '6', '6.专题研究部署工作', 11, 2022, '2023-12-19 22:48:01', '1', NULL, NULL, 0, NULL, 1, 2, NULL),
(2520, '后勤工作', '党风廉政建设工作', 1, '4', '10.庆祝建党系列活动', 11, 2022, '2023-12-19 22:48:01', '1', NULL, NULL, 0, NULL, 1, 2, NULL),
(2521, '教学工作', '领导班子与组织建设工作', 4, '6', '2.各支部书记讲党课', 11, 2022, '2023-12-19 22:48:01', '1', NULL, NULL, 0, NULL, 1, 4, NULL),
(2522, '财务工作', '党风廉政建设工作', 1, '1', '2.召开院党委会、院党政联席会', 11, 2022, '2023-12-19 22:48:01', '1', NULL, NULL, 0, NULL, 1, 2, NULL),
(2523, '学生工作', '领导班子与组织建设工作', 4, '8', '3.专题研究部署工作', 11, 2022, '2023-12-19 22:48:01', '1', NULL, NULL, 0, NULL, 1, 4, NULL),
(2524, '招生工作', '领导班子与组织建设工作', 3, '1', '3.专题研究部署工作', 11, 2022, '2023-12-19 22:48:01', '1', NULL, NULL, 0, NULL, 1, 2, NULL),
(2525, '学生工作', '党风廉政建设工作', 1, '5', '6.入党积极分子确定', 11, 2022, '2023-12-19 22:48:01', '1', NULL, NULL, 0, NULL, 1, 4, NULL),
(2526, '党建工作', '领导班子与组织建设工作', 1, '7', '2.校党委专项检查工作', 11, 2022, '2023-12-19 22:48:01', '1', NULL, NULL, 0, NULL, 1, 2, NULL),
(2527, '教学工作', '党风廉政建设工作', 2, '5', '3.梳理年度任务分解清单中的各项任务落实情况', 11, 2022, '2023-12-19 22:48:01', '1', NULL, NULL, 0, NULL, 1, 2, NULL),
(2528, '招生工作', '领导班子与组织建设工作', 2, '8', '1.各支部书记讲党课', 11, 2022, '2023-12-19 22:48:01', '1', NULL, NULL, 0, NULL, 1, 2, NULL),
(2529, '教学工作', '党风廉政建设工作', 1, '9', '4.各支部书记讲党课', 11, 2022, '2023-12-19 22:48:01', '1', NULL, NULL, 0, NULL, 1, 3, NULL),
(2530, '后勤工作', '党风廉政建设工作', 4, '2', '9.入党积极分子确定', 11, 2022, '2023-12-19 22:48:01', '1', NULL, NULL, 0, NULL, 1, 2, NULL),
(2531, '科研工作', '党风廉政建设工作', 3, '2', '1.庆祝建党系列活动', 11, 2022, '2023-12-19 22:48:01', '1', NULL, NULL, 0, NULL, 1, 4, NULL),
(2532, '教学工作', '领导班子与组织建设工作', 1, '2', '7.梳理年度任务分解清单中的各项任务落实情况', 11, 2022, '2023-12-19 22:48:01', '1', NULL, NULL, 0, NULL, 1, 2, NULL),
(2533, '财务工作', '领导班子与组织建设工作', 3, '9', '10.召开会议专题研究党风廉政建设', 11, 2022, '2023-12-19 22:48:01', '1', NULL, NULL, 0, NULL, 1, 3, NULL),
(2534, '后勤工作', '领导班子与组织建设工作', 1, '7', '10.各支部书记讲党课', 11, 2022, '2023-12-19 22:48:01', '1', NULL, NULL, 0, NULL, 1, 3, NULL),
(2535, '党建工作', '领导班子与组织建设工作', 4, '3', '8.入党积极分子确定', 11, 2022, '2023-12-19 22:48:01', '1', NULL, NULL, 0, NULL, 1, 2, NULL),
(2536, '后勤工作', '党风廉政建设工作', 2, '4', '8.各支部书记讲党课', 11, 2022, '2023-12-19 22:48:01', '1', NULL, NULL, 0, NULL, 1, 4, NULL),
(2537, '党建工作', '领导班子与组织建设工作', 1, '2', '10.专题研究部署工作', 11, 2022, '2023-12-19 22:48:01', '1', NULL, NULL, 0, NULL, 1, 2, NULL),
(2538, '教学工作', '领导班子与组织建设工作', 2, '2', '7.各支部书记讲党课', 11, 2022, '2023-12-19 22:48:01', '1', NULL, NULL, 0, NULL, 1, 1, NULL),
(2539, '财务工作', '领导班子与组织建设工作', 2, '9', '1.专题研究部署工作', 11, 2022, '2023-12-19 22:48:01', '1', NULL, NULL, 0, NULL, 1, 1, NULL),
(2540, '财务工作', '领导班子与组织建设工作', 4, '8', '6.校党委专项检查工作', 11, 2022, '2023-12-19 22:48:01', '1', NULL, NULL, 0, NULL, 1, 2, NULL),
(2541, '后勤工作', '领导班子与组织建设工作', 2, '9', '7.专题研究部署工作', 11, 2022, '2023-12-19 22:48:01', '1', NULL, NULL, 0, NULL, 1, 2, NULL),
(2542, '学生工作', '领导班子与组织建设工作', 3, '7', '7.党员红色基地教育实践活动', 11, 2022, '2023-12-19 22:48:01', '1', NULL, NULL, 0, NULL, 1, 1, NULL),
(2543, '财务工作', '党风廉政建设工作', 3, '1', '3.召开院党委会、院党政联席会', 11, 2022, '2023-12-19 22:48:01', '1', NULL, NULL, 0, NULL, 1, 1, NULL),
(2544, '党建工作', '党风廉政建设工作', 1, '6', '6.梳理年度任务分解清单中的各项任务落实情况', 11, 2022, '2023-12-19 22:48:01', '1', NULL, NULL, 0, NULL, 1, 1, NULL),
(2545, '后勤工作', '领导班子与组织建设工作', 3, '3', '1.召开院党委会', 11, 2022, '2023-12-19 22:48:01', '1', NULL, NULL, 0, NULL, 1, 3, NULL),
(2546, '财务工作', '党风廉政建设工作', 3, '9', '5.庆祝建党系列活动', 11, 2022, '2023-12-19 22:48:01', '1', NULL, NULL, 0, NULL, 1, 4, NULL),
(2547, '科研工作', '党风廉政建设工作', 2, '8', '9.入党积极分子确定', 11, 2022, '2023-12-19 22:48:01', '1', NULL, NULL, 0, NULL, 1, 2, NULL),
(2548, '财务工作', '领导班子与组织建设工作', 1, '6', '8.召开会议专题研究党风廉政建设', 11, 2022, '2023-12-19 22:48:01', '1', NULL, NULL, 0, NULL, 1, 4, NULL),
(2549, '后勤工作', '党风廉政建设工作', 4, '6', '7.召开会议专题研究党风廉政建设', 11, 2022, '2023-12-19 22:48:01', '1', NULL, NULL, 0, NULL, 1, 4, NULL),
(2550, '教学工作', '党风廉政建设工作', 1, '4', '3.召开会议专题研究党风廉政建设', 11, 2022, '2023-12-19 22:48:01', '1', NULL, NULL, 0, NULL, 1, 3, NULL),
(2551, '科研工作', '党风廉政建设工作', 4, '2', '10.召开院党委会', 12, 2022, '2023-12-19 22:48:01', '1', NULL, NULL, 0, NULL, 1, 2, NULL),
(2552, '学生工作', '党风廉政建设工作', 4, '3', '1.召开院党委会', 12, 2022, '2023-12-19 22:48:01', '1', NULL, NULL, 0, NULL, 1, 1, NULL),
(2553, '招生工作', '领导班子与组织建设工作', 1, '9', '1.召开院党委会、院党政联席会', 12, 2022, '2023-12-19 22:48:01', '1', NULL, NULL, 0, NULL, 1, 3, NULL),
(2554, '招生工作', '领导班子与组织建设工作', 2, '3', '8.入党积极分子确定', 12, 2022, '2023-12-19 22:48:01', '1', NULL, NULL, 0, NULL, 1, 2, NULL),
(2555, '财务工作', '党风廉政建设工作', 1, '4', '7.召开院党委会', 12, 2022, '2023-12-19 22:48:01', '1', NULL, NULL, 0, NULL, 1, 1, NULL),
(2556, '财务工作', '党风廉政建设工作', 2, '9', '6.校党委专项检查工作', 12, 2022, '2023-12-19 22:48:01', '1', NULL, NULL, 0, NULL, 1, 2, NULL),
(2557, '财务工作', '党风廉政建设工作', 2, '5', '5.各支部书记讲党课', 12, 2022, '2023-12-19 22:48:01', '1', NULL, NULL, 0, NULL, 1, 1, NULL),
(2558, '科研工作', '党风廉政建设工作', 4, '2', '8.庆祝建党系列活动', 12, 2022, '2023-12-19 22:48:01', '1', NULL, NULL, 0, NULL, 1, 1, NULL),
(2559, '科研工作', '领导班子与组织建设工作', 4, '7', '9.专题研究部署工作', 12, 2022, '2023-12-19 22:48:01', '1', NULL, NULL, 0, NULL, 1, 3, NULL),
(2560, '党建工作', '领导班子与组织建设工作', 2, '4', '3.入党积极分子确定', 12, 2022, '2023-12-19 22:48:01', '1', NULL, NULL, 0, NULL, 1, 4, NULL),
(2561, '后勤工作', '领导班子与组织建设工作', 2, '1', '10.召开会议专题研究党风廉政建设', 12, 2022, '2023-12-19 22:48:01', '1', NULL, NULL, 0, NULL, 1, 4, NULL),
(2562, '科研工作', '党风廉政建设工作', 4, '4', '1.召开院党委会', 12, 2022, '2023-12-19 22:48:01', '1', NULL, NULL, 0, NULL, 1, 4, NULL),
(2563, '招生工作', '党风廉政建设工作', 1, '4', '5.召开院党委会', 12, 2022, '2023-12-19 22:48:01', '1', NULL, NULL, 0, NULL, 1, 2, NULL),
(2564, '后勤工作', '领导班子与组织建设工作', 1, '4', '10.召开会议专题研究党风廉政建设', 12, 2022, '2023-12-19 22:48:01', '1', NULL, NULL, 0, NULL, 1, 2, NULL),
(2565, '科研工作', '党风廉政建设工作', 3, '4', '4.召开院党委会', 12, 2022, '2023-12-19 22:48:01', '1', NULL, NULL, 0, NULL, 1, 2, NULL),
(2566, '党建工作', '领导班子与组织建设工作', 2, '7', '2.召开院党委会、院党政联席会', 12, 2022, '2023-12-19 22:48:01', '1', NULL, NULL, 0, NULL, 1, 3, NULL),
(2567, '后勤工作', '党风廉政建设工作', 1, '5', '4.召开会议专题研究党风廉政建设', 12, 2022, '2023-12-19 22:48:01', '1', NULL, NULL, 0, NULL, 1, 1, NULL),
(2568, '招生工作', '领导班子与组织建设工作', 3, '3', '7.入党积极分子确定', 12, 2022, '2023-12-19 22:48:01', '1', NULL, NULL, 0, NULL, 1, 1, NULL),
(2569, '财务工作', '领导班子与组织建设工作', 2, '6', '6.各支部书记讲党课', 12, 2022, '2023-12-19 22:48:01', '1', NULL, NULL, 0, NULL, 1, 3, NULL),
(2570, '教学工作', '领导班子与组织建设工作', 4, '6', '3.召开院党委会、院党政联席会', 12, 2022, '2023-12-19 22:48:01', '1', NULL, NULL, 0, NULL, 1, 1, NULL),
(2571, '党建工作', '党风廉政建设工作', 2, '7', '3.庆祝建党系列活动', 12, 2022, '2023-12-19 22:48:01', '1', NULL, NULL, 0, NULL, 1, 1, NULL),
(2572, '教学工作', '党风廉政建设工作', 4, '1', '8.各支部书记讲党课', 12, 2022, '2023-12-19 22:48:01', '1', NULL, NULL, 0, NULL, 1, 4, NULL),
(2573, '后勤工作', '领导班子与组织建设工作', 3, '2', '1.庆祝建党系列活动', 12, 2022, '2023-12-19 22:48:01', '1', NULL, NULL, 0, NULL, 1, 3, NULL),
(2574, '后勤工作', '领导班子与组织建设工作', 4, '1', '10.入党积极分子确定', 12, 2022, '2023-12-19 22:48:01', '1', NULL, NULL, 0, NULL, 1, 1, NULL),
(2575, '学生工作', '党风廉政建设工作', 1, '2', '9.党员红色基地教育实践活动', 12, 2022, '2023-12-19 22:48:01', '1', NULL, NULL, 0, NULL, 1, 4, NULL),
(2576, '学生工作', '领导班子与组织建设工作', 4, '6', '10.召开院党委会、院党政联席会', 12, 2022, '2023-12-19 22:48:01', '1', NULL, NULL, 0, NULL, 1, 2, NULL),
(2577, '党建工作', '领导班子与组织建设工作', 1, '6', '10.庆祝建党系列活动', 12, 2022, '2023-12-19 22:48:01', '1', NULL, NULL, 0, NULL, 1, 3, NULL),
(2578, '后勤工作', '领导班子与组织建设工作', 1, '6', '6.召开会议专题研究党风廉政建设', 12, 2022, '2023-12-19 22:48:01', '1', NULL, NULL, 0, NULL, 1, 1, NULL),
(2579, '教学工作', '党风廉政建设工作', 3, '7', '10.各支部书记讲党课', 12, 2022, '2023-12-19 22:48:01', '1', NULL, NULL, 0, NULL, 1, 1, NULL),
(2580, '后勤工作', '领导班子与组织建设工作', 2, '4', '9.校党委专项检查工作', 12, 2022, '2023-12-19 22:48:01', '1', NULL, NULL, 0, NULL, 1, 1, NULL),
(2581, '科研工作', '领导班子与组织建设工作', 2, '7', '4.召开会议专题研究党风廉政建设', 12, 2022, '2023-12-19 22:48:01', '1', NULL, NULL, 0, NULL, 1, 3, NULL),
(2582, '学生工作', '领导班子与组织建设工作', 4, '9', '7.召开院党委会、院党政联席会', 12, 2022, '2023-12-19 22:48:01', '1', NULL, NULL, 0, NULL, 1, 1, NULL),
(2583, '财务工作', '党风廉政建设工作', 4, '6', '1.庆祝建党系列活动', 12, 2022, '2023-12-19 22:48:01', '1', NULL, NULL, 0, NULL, 1, 2, NULL),
(2584, '财务工作', '领导班子与组织建设工作', 4, '1', '1.各支部书记讲党课', 12, 2022, '2023-12-19 22:48:01', '1', NULL, NULL, 0, NULL, 1, 3, NULL),
(2585, '后勤工作', '领导班子与组织建设工作', 1, '6', '6.梳理年度任务分解清单中的各项任务落实情况', 12, 2022, '2023-12-19 22:48:01', '1', NULL, NULL, 0, NULL, 1, 3, NULL),
(2586, '财务工作', '党风廉政建设工作', 3, '2', '5.召开会议专题研究党风廉政建设', 12, 2022, '2023-12-19 22:48:01', '1', NULL, NULL, 0, NULL, 1, 1, NULL),
(2587, '科研工作', '党风廉政建设工作', 2, '3', '6.各支部书记讲党课', 12, 2022, '2023-12-19 22:48:01', '1', NULL, NULL, 0, NULL, 1, 1, NULL),
(2588, '后勤工作', '领导班子与组织建设工作', 4, '2', '6.入党积极分子确定', 12, 2022, '2023-12-19 22:48:01', '1', NULL, NULL, 0, NULL, 1, 4, NULL),
(2589, '科研工作', '党风廉政建设工作', 4, '7', '10.庆祝建党系列活动', 12, 2022, '2023-12-19 22:48:01', '1', NULL, NULL, 0, NULL, 1, 1, NULL),
(2590, '招生工作', '领导班子与组织建设工作', 4, '1', '9.召开院党委会', 12, 2022, '2023-12-19 22:48:01', '1', NULL, NULL, 0, NULL, 1, 1, NULL),
(2591, '学生工作', '党风廉政建设工作', 1, '1', '1.专题研究部署工作', 12, 2022, '2023-12-19 22:48:01', '1', NULL, NULL, 0, NULL, 1, 2, NULL),
(2592, '财务工作', '领导班子与组织建设工作', 4, '9', '2.梳理年度任务分解清单中的各项任务落实情况', 12, 2022, '2023-12-19 22:48:01', '1', NULL, NULL, 0, NULL, 1, 4, NULL),
(2593, '科研工作', '党风廉政建设工作', 2, '7', '8.召开院党委会', 12, 2022, '2023-12-19 22:48:01', '1', NULL, NULL, 0, NULL, 1, 2, NULL),
(2594, '后勤工作', '党风廉政建设工作', 2, '6', '7.召开会议专题研究党风廉政建设', 12, 2022, '2023-12-19 22:48:01', '1', NULL, NULL, 0, NULL, 1, 2, NULL),
(2595, '教学工作', '领导班子与组织建设工作', 1, '3', '2.庆祝建党系列活动', 12, 2022, '2023-12-19 22:48:01', '1', NULL, NULL, 0, NULL, 1, 3, NULL),
(2596, '学生工作', '党风廉政建设工作', 2, '7', '8.各支部书记讲党课', 12, 2022, '2023-12-19 22:48:01', '1', NULL, NULL, 0, NULL, 1, 3, NULL),
(2597, '党建工作', '党风廉政建设工作', 2, '8', '4.召开会议专题研究党风廉政建设', 12, 2022, '2023-12-19 22:48:01', '1', NULL, NULL, 0, NULL, 1, 2, NULL),
(2598, '教学工作', '党风廉政建设工作', 1, '2', '6.校党委专项检查工作', 12, 2022, '2023-12-19 22:48:01', '1', NULL, NULL, 0, NULL, 1, 4, NULL),
(2599, '党建工作', '领导班子与组织建设工作', 4, '3', '5.召开会议专题研究党风廉政建设', 12, 2022, '2023-12-19 22:48:01', '1', NULL, NULL, 0, NULL, 1, 2, NULL),
(2600, '教学工作', '党风廉政建设工作', 1, '1', '5.召开院党委会', 12, 2022, '2023-12-19 22:48:01', '1', NULL, NULL, 0, NULL, 1, 3, NULL),
(2601, '招生工作', '党风廉政建设工作', 4, '8', '5.庆祝建党系列活动', 1, 2023, '2023-12-19 22:48:01', '1', NULL, NULL, 0, NULL, 1, 4, NULL),
(2602, '科研工作', '领导班子与组织建设工作', 4, '1', '2.庆祝建党系列活动', 1, 2023, '2023-12-19 22:48:01', '1', NULL, NULL, 0, NULL, 1, 1, NULL),
(2603, '后勤工作', '党风廉政建设工作', 4, '3', '9.专题研究部署工作', 1, 2023, '2023-12-19 22:48:01', '1', NULL, NULL, 0, NULL, 1, 2, NULL),
(2604, '科研工作', '党风廉政建设工作', 3, '7', '10.召开院党委会、院党政联席会', 1, 2023, '2023-12-19 22:48:01', '1', NULL, NULL, 0, NULL, 1, 2, NULL),
(2605, '学生工作', '党风廉政建设工作', 3, '6', '7.各支部书记讲党课', 1, 2023, '2023-12-19 22:48:01', '1', NULL, NULL, 0, NULL, 1, 1, NULL),
(2606, '学生工作', '党风廉政建设工作', 1, '7', '7.召开院党委会', 1, 2023, '2023-12-19 22:48:01', '1', NULL, NULL, 0, NULL, 1, 2, NULL),
(2607, '财务工作', '党风廉政建设工作', 3, '6', '3.召开院党委会', 1, 2023, '2023-12-19 22:48:01', '1', NULL, NULL, 0, NULL, 1, 4, NULL),
(2608, '党建工作', '领导班子与组织建设工作', 3, '7', '7.各支部书记讲党课', 1, 2023, '2023-12-19 22:48:01', '1', NULL, NULL, 0, NULL, 1, 1, NULL),
(2609, '后勤工作', '党风廉政建设工作', 2, '5', '10.梳理年度任务分解清单中的各项任务落实情况', 1, 2023, '2023-12-19 22:48:01', '1', NULL, NULL, 0, NULL, 1, 1, NULL),
(2610, '招生工作', '领导班子与组织建设工作', 1, '5', '7.校党委专项检查工作', 1, 2023, '2023-12-19 22:48:01', '1', NULL, NULL, 0, NULL, 1, 1, NULL),
(2611, '学生工作', '领导班子与组织建设工作', 1, '2', '4.专题研究部署工作', 1, 2023, '2023-12-19 22:48:01', '1', NULL, NULL, 0, NULL, 1, 1, NULL),
(2612, '党建工作', '党风廉政建设工作', 1, '9', '5.校党委专项检查工作', 1, 2023, '2023-12-19 22:48:01', '1', NULL, NULL, 0, NULL, 1, 1, NULL),
(2613, '党建工作', '领导班子与组织建设工作', 4, '8', '6.梳理年度任务分解清单中的各项任务落实情况', 1, 2023, '2023-12-19 22:48:01', '1', NULL, NULL, 0, NULL, 1, 4, NULL),
(2614, '党建工作', '领导班子与组织建设工作', 1, '5', '2.梳理年度任务分解清单中的各项任务落实情况', 1, 2023, '2023-12-19 22:48:01', '1', NULL, NULL, 0, NULL, 1, 2, NULL),
(2615, '教学工作', '领导班子与组织建设工作', 4, '1', '2.各支部书记讲党课', 1, 2023, '2023-12-19 22:48:01', '1', NULL, NULL, 0, NULL, 1, 3, NULL),
(2616, '科研工作', '党风廉政建设工作', 1, '8', '7.召开院党委会', 1, 2023, '2023-12-19 22:48:01', '1', NULL, NULL, 0, NULL, 1, 1, NULL),
(2617, '学生工作', '领导班子与组织建设工作', 4, '7', '8.梳理年度任务分解清单中的各项任务落实情况', 1, 2023, '2023-12-19 22:48:01', '1', NULL, NULL, 0, NULL, 1, 4, NULL),
(2618, '后勤工作', '领导班子与组织建设工作', 3, '6', '7.专题研究部署工作', 1, 2023, '2023-12-19 22:48:01', '1', NULL, NULL, 0, NULL, 1, 2, NULL),
(2619, '招生工作', '领导班子与组织建设工作', 4, '4', '6.召开院党委会', 1, 2023, '2023-12-19 22:48:01', '1', NULL, NULL, 0, NULL, 1, 2, NULL),
(2620, '党建工作', '党风廉政建设工作', 4, '9', '9.召开院党委会', 1, 2023, '2023-12-19 22:48:01', '1', NULL, NULL, 0, NULL, 1, 3, NULL),
(2621, '财务工作', '党风廉政建设工作', 1, '7', '2.专题研究部署工作', 1, 2023, '2023-12-19 22:48:01', '1', NULL, NULL, 0, NULL, 1, 3, NULL),
(2622, '教学工作', '领导班子与组织建设工作', 4, '7', '8.专题研究部署工作', 1, 2023, '2023-12-19 22:48:01', '1', NULL, NULL, 0, NULL, 1, 2, NULL),
(2623, '党建工作', '党风廉政建设工作', 3, '1', '5.梳理年度任务分解清单中的各项任务落实情况', 1, 2023, '2023-12-19 22:48:01', '1', NULL, NULL, 0, NULL, 1, 4, NULL),
(2624, '学生工作', '领导班子与组织建设工作', 4, '8', '9.党员红色基地教育实践活动', 1, 2023, '2023-12-19 22:48:01', '1', NULL, NULL, 0, NULL, 1, 4, NULL),
(2625, '科研工作', '领导班子与组织建设工作', 2, '1', '1.召开会议专题研究党风廉政建设', 1, 2023, '2023-12-19 22:48:01', '1', NULL, NULL, 0, NULL, 1, 1, NULL),
(2626, '后勤工作', '党风廉政建设工作', 2, '9', '2.召开院党委会', 1, 2023, '2023-12-19 22:48:01', '1', NULL, NULL, 0, NULL, 1, 4, NULL),
(2627, '党建工作', '党风廉政建设工作', 2, '1', '3.党员红色基地教育实践活动', 1, 2023, '2023-12-19 22:48:01', '1', NULL, NULL, 0, NULL, 1, 3, NULL),
(2628, '后勤工作', '领导班子与组织建设工作', 3, '8', '1.召开会议专题研究党风廉政建设', 1, 2023, '2023-12-19 22:48:01', '1', NULL, NULL, 0, NULL, 1, 1, NULL),
(2629, '后勤工作', '领导班子与组织建设工作', 2, '1', '10.校党委专项检查工作', 1, 2023, '2023-12-19 22:48:01', '1', NULL, NULL, 0, NULL, 1, 2, NULL),
(2630, '党建工作', '领导班子与组织建设工作', 4, '4', '4.校党委专项检查工作', 1, 2023, '2023-12-19 22:48:01', '1', NULL, NULL, 0, NULL, 1, 2, NULL),
(2631, '党建工作', '党风廉政建设工作', 4, '4', '1.召开院党委会、院党政联席会', 1, 2023, '2023-12-19 22:48:01', '1', NULL, NULL, 0, NULL, 1, 2, NULL),
(2632, '招生工作', '党风廉政建设工作', 1, '7', '10.专题研究部署工作', 1, 2023, '2023-12-19 22:48:01', '1', NULL, NULL, 0, NULL, 1, 2, NULL),
(2633, '科研工作', '党风廉政建设工作', 1, '3', '9.梳理年度任务分解清单中的各项任务落实情况', 1, 2023, '2023-12-19 22:48:01', '1', NULL, NULL, 0, NULL, 1, 3, NULL),
(2634, '科研工作', '党风廉政建设工作', 4, '6', '1.党员红色基地教育实践活动', 1, 2023, '2023-12-19 22:48:01', '1', NULL, NULL, 0, NULL, 1, 3, NULL),
(2635, '教学工作', '领导班子与组织建设工作', 2, '2', '9.梳理年度任务分解清单中的各项任务落实情况', 1, 2023, '2023-12-19 22:48:01', '1', NULL, NULL, 0, NULL, 1, 2, NULL),
(2636, '党建工作', '党风廉政建设工作', 3, '2', '7.召开院党委会', 1, 2023, '2023-12-19 22:48:01', '1', NULL, NULL, 0, NULL, 1, 1, NULL),
(2637, '财务工作', '领导班子与组织建设工作', 1, '9', '10.入党积极分子确定', 1, 2023, '2023-12-19 22:48:01', '1', NULL, NULL, 0, NULL, 1, 4, NULL),
(2638, '科研工作', '领导班子与组织建设工作', 2, '6', '2.召开会议专题研究党风廉政建设', 1, 2023, '2023-12-19 22:48:01', '1', NULL, NULL, 0, NULL, 1, 4, NULL),
(2639, '后勤工作', '领导班子与组织建设工作', 2, '4', '6.召开院党委会、院党政联席会', 1, 2023, '2023-12-19 22:48:01', '1', NULL, NULL, 0, NULL, 1, 2, NULL),
(2640, '教学工作', '党风廉政建设工作', 1, '4', '2.召开院党委会、院党政联席会', 1, 2023, '2023-12-19 22:48:01', '1', NULL, NULL, 0, NULL, 1, 1, NULL),
(2641, '财务工作', '领导班子与组织建设工作', 3, '7', '2.入党积极分子确定', 1, 2023, '2023-12-19 22:48:01', '1', NULL, NULL, 0, NULL, 1, 4, NULL),
(2642, '财务工作', '领导班子与组织建设工作', 3, '6', '1.校党委专项检查工作', 1, 2023, '2023-12-19 22:48:01', '1', NULL, NULL, 0, NULL, 1, 3, NULL),
(2643, '财务工作', '领导班子与组织建设工作', 1, '3', '4.专题研究部署工作', 1, 2023, '2023-12-19 22:48:01', '1', NULL, NULL, 0, NULL, 1, 2, NULL),
(2644, '财务工作', '领导班子与组织建设工作', 4, '9', '9.校党委专项检查工作', 1, 2023, '2023-12-19 22:48:01', '1', NULL, NULL, 0, NULL, 1, 2, NULL),
(2645, '后勤工作', '党风廉政建设工作', 4, '5', '1.梳理年度任务分解清单中的各项任务落实情况', 1, 2023, '2023-12-19 22:48:01', '1', NULL, NULL, 0, NULL, 1, 2, NULL),
(2646, '财务工作', '领导班子与组织建设工作', 4, '1', '8.党员红色基地教育实践活动', 1, 2023, '2023-12-19 22:48:01', '1', NULL, NULL, 0, NULL, 1, 2, NULL),
(2647, '学生工作', '党风廉政建设工作', 1, '5', '4.入党积极分子确定', 1, 2023, '2023-12-19 22:48:01', '1', NULL, NULL, 0, NULL, 1, 4, NULL),
(2648, '后勤工作', '党风廉政建设工作', 3, '7', '3.校党委专项检查工作', 1, 2023, '2023-12-19 22:48:01', '1', NULL, NULL, 0, NULL, 1, 4, NULL),
(2649, '教学工作', '领导班子与组织建设工作', 1, '2', '1.召开会议专题研究党风廉政建设', 1, 2023, '2023-12-19 22:48:01', '1', NULL, NULL, 0, NULL, 1, 2, NULL),
(2650, '党建工作', '领导班子与组织建设工作', 2, '2', '5.庆祝建党系列活动', 1, 2023, '2023-12-19 22:48:01', '1', NULL, NULL, 0, NULL, 1, 4, NULL),
(2651, '教学工作', '党风廉政建设工作', 3, '5', '9.庆祝建党系列活动', 2, 2023, '2023-12-19 22:48:01', '1', NULL, NULL, 0, NULL, 1, 1, NULL),
(2652, '财务工作', '领导班子与组织建设工作', 3, '5', '4.召开会议专题研究党风廉政建设', 2, 2023, '2023-12-19 22:48:01', '1', NULL, NULL, 0, NULL, 1, 4, NULL),
(2653, '党建工作', '党风廉政建设工作', 1, '8', '4.召开院党委会、院党政联席会', 2, 2023, '2023-12-19 22:48:01', '1', NULL, NULL, 0, NULL, 1, 2, NULL),
(2654, '科研工作', '党风廉政建设工作', 4, '4', '1.入党积极分子确定', 2, 2023, '2023-12-19 22:48:01', '1', NULL, NULL, 0, NULL, 1, 4, NULL),
(2655, '科研工作', '领导班子与组织建设工作', 2, '6', '2.专题研究部署工作', 2, 2023, '2023-12-19 22:48:01', '1', NULL, NULL, 0, NULL, 1, 4, NULL),
(2656, '学生工作', '领导班子与组织建设工作', 4, '4', '1.党员红色基地教育实践活动', 2, 2023, '2023-12-19 22:48:01', '1', NULL, NULL, 0, NULL, 1, 4, NULL),
(2657, '教学工作', '党风廉政建设工作', 2, '8', '5.入党积极分子确定', 2, 2023, '2023-12-19 22:48:01', '1', NULL, NULL, 0, NULL, 1, 1, NULL),
(2658, '财务工作', '党风廉政建设工作', 4, '6', '8.召开院党委会', 2, 2023, '2023-12-19 22:48:01', '1', NULL, NULL, 0, NULL, 1, 4, NULL),
(2659, '财务工作', '党风廉政建设工作', 1, '9', '7.庆祝建党系列活动', 2, 2023, '2023-12-19 22:48:01', '1', NULL, NULL, 0, NULL, 1, 2, NULL),
(2660, '科研工作', '领导班子与组织建设工作', 2, '5', '9.召开院党委会', 2, 2023, '2023-12-19 22:48:01', '1', NULL, NULL, 0, NULL, 1, 3, NULL),
(2661, '教学工作', '领导班子与组织建设工作', 4, '1', '7.庆祝建党系列活动', 2, 2023, '2023-12-19 22:48:01', '1', NULL, NULL, 0, NULL, 1, 2, NULL),
(2662, '财务工作', '领导班子与组织建设工作', 3, '6', '2.召开会议专题研究党风廉政建设', 2, 2023, '2023-12-19 22:48:01', '1', NULL, NULL, 0, NULL, 1, 4, NULL),
(2663, '财务工作', '党风廉政建设工作', 4, '5', '9.专题研究部署工作', 2, 2023, '2023-12-19 22:48:01', '1', NULL, NULL, 0, NULL, 1, 1, NULL),
(2664, '党建工作', '党风廉政建设工作', 1, '1', '8.召开院党委会', 2, 2023, '2023-12-19 22:48:01', '1', NULL, NULL, 0, NULL, 1, 4, NULL),
(2665, '财务工作', '领导班子与组织建设工作', 3, '9', '4.召开会议专题研究党风廉政建设', 2, 2023, '2023-12-19 22:48:01', '1', NULL, NULL, 0, NULL, 1, 4, NULL),
(2666, '学生工作', '领导班子与组织建设工作', 3, '6', '7.党员红色基地教育实践活动', 2, 2023, '2023-12-19 22:48:01', '1', NULL, NULL, 0, NULL, 1, 2, NULL),
(2667, '党建工作', '领导班子与组织建设工作', 1, '5', '1.各支部书记讲党课', 2, 2023, '2023-12-19 22:48:01', '1', NULL, NULL, 0, NULL, 1, 4, NULL),
(2668, '招生工作', '领导班子与组织建设工作', 3, '3', '9.党员红色基地教育实践活动', 2, 2023, '2023-12-19 22:48:01', '1', NULL, NULL, 0, NULL, 1, 2, NULL),
(2669, '党建工作', '党风廉政建设工作', 3, '4', '9.校党委专项检查工作', 2, 2023, '2023-12-19 22:48:01', '1', NULL, NULL, 0, NULL, 1, 3, NULL),
(2670, '财务工作', '党风廉政建设工作', 3, '1', '3.庆祝建党系列活动', 2, 2023, '2023-12-19 22:48:01', '1', NULL, NULL, 0, NULL, 1, 1, NULL),
(2671, '科研工作', '领导班子与组织建设工作', 3, '7', '4.召开院党委会', 2, 2023, '2023-12-19 22:48:01', '1', NULL, NULL, 0, NULL, 1, 4, NULL),
(2672, '党建工作', '党风廉政建设工作', 2, '3', '7.党员红色基地教育实践活动', 2, 2023, '2023-12-19 22:48:01', '1', NULL, NULL, 0, NULL, 1, 2, NULL),
(2673, '党建工作', '党风廉政建设工作', 2, '4', '6.入党积极分子确定', 2, 2023, '2023-12-19 22:48:01', '1', NULL, NULL, 0, NULL, 1, 2, NULL),
(2674, '后勤工作', '党风廉政建设工作', 4, '9', '9.庆祝建党系列活动', 2, 2023, '2023-12-19 22:48:01', '1', NULL, NULL, 0, NULL, 1, 3, NULL),
(2675, '后勤工作', '党风廉政建设工作', 1, '9', '4.校党委专项检查工作', 2, 2023, '2023-12-19 22:48:01', '1', NULL, NULL, 0, NULL, 1, 3, NULL),
(2676, '招生工作', '领导班子与组织建设工作', 3, '5', '5.梳理年度任务分解清单中的各项任务落实情况', 2, 2023, '2023-12-19 22:48:01', '1', NULL, NULL, 0, NULL, 1, 1, NULL),
(2677, '财务工作', '领导班子与组织建设工作', 3, '2', '9.校党委专项检查工作', 2, 2023, '2023-12-19 22:48:01', '1', NULL, NULL, 0, NULL, 1, 4, NULL),
(2678, '财务工作', '党风廉政建设工作', 1, '4', '4.梳理年度任务分解清单中的各项任务落实情况', 2, 2023, '2023-12-19 22:48:01', '1', NULL, NULL, 0, NULL, 1, 4, NULL),
(2679, '党建工作', '领导班子与组织建设工作', 4, '2', '9.梳理年度任务分解清单中的各项任务落实情况', 2, 2023, '2023-12-19 22:48:01', '1', NULL, NULL, 0, NULL, 1, 4, NULL),
(2680, '招生工作', '党风廉政建设工作', 3, '9', '6.召开会议专题研究党风廉政建设', 2, 2023, '2023-12-19 22:48:01', '1', NULL, NULL, 0, NULL, 1, 2, NULL),
(2681, '学生工作', '党风廉政建设工作', 3, '5', '5.梳理年度任务分解清单中的各项任务落实情况', 2, 2023, '2023-12-19 22:48:01', '1', NULL, NULL, 0, NULL, 1, 2, NULL),
(2682, '科研工作', '领导班子与组织建设工作', 3, '4', '5.梳理年度任务分解清单中的各项任务落实情况', 2, 2023, '2023-12-19 22:48:01', '1', NULL, NULL, 0, NULL, 1, 1, NULL),
(2683, '招生工作', '领导班子与组织建设工作', 3, '1', '8.各支部书记讲党课', 2, 2023, '2023-12-19 22:48:01', '1', NULL, NULL, 0, NULL, 1, 2, NULL),
(2684, '招生工作', '党风廉政建设工作', 3, '6', '10.召开院党委会、院党政联席会', 2, 2023, '2023-12-19 22:48:01', '1', NULL, NULL, 0, NULL, 1, 2, NULL),
(2685, '科研工作', '党风廉政建设工作', 4, '8', '4.庆祝建党系列活动', 2, 2023, '2023-12-19 22:48:01', '1', NULL, NULL, 0, NULL, 1, 2, NULL),
(2686, '教学工作', '党风廉政建设工作', 2, '4', '1.召开院党委会、院党政联席会', 2, 2023, '2023-12-19 22:48:01', '1', NULL, NULL, 0, NULL, 1, 1, NULL),
(2687, '党建工作', '党风廉政建设工作', 2, '6', '8.召开院党委会', 2, 2023, '2023-12-19 22:48:01', '1', NULL, NULL, 0, NULL, 1, 3, NULL),
(2688, '党建工作', '党风廉政建设工作', 3, '4', '10.党员红色基地教育实践活动', 2, 2023, '2023-12-19 22:48:01', '1', NULL, NULL, 0, NULL, 1, 3, NULL),
(2689, '招生工作', '领导班子与组织建设工作', 1, '5', '8.召开会议专题研究党风廉政建设', 2, 2023, '2023-12-19 22:48:01', '1', NULL, NULL, 0, NULL, 1, 1, NULL),
(2690, '教学工作', '党风廉政建设工作', 4, '3', '3.召开院党委会', 2, 2023, '2023-12-19 22:48:01', '1', NULL, NULL, 0, NULL, 1, 2, NULL),
(2691, '财务工作', '领导班子与组织建设工作', 1, '8', '3.专题研究部署工作', 2, 2023, '2023-12-19 22:48:01', '1', NULL, NULL, 0, NULL, 1, 3, NULL),
(2692, '学生工作', '党风廉政建设工作', 3, '2', '9.党员红色基地教育实践活动', 2, 2023, '2023-12-19 22:48:01', '1', NULL, NULL, 0, NULL, 1, 1, NULL),
(2693, '招生工作', '领导班子与组织建设工作', 2, '4', '9.党员红色基地教育实践活动', 2, 2023, '2023-12-19 22:48:01', '1', NULL, NULL, 0, NULL, 1, 3, NULL),
(2694, '党建工作', '领导班子与组织建设工作', 4, '6', '8.召开院党委会', 2, 2023, '2023-12-19 22:48:01', '1', NULL, NULL, 0, NULL, 1, 1, NULL),
(2695, '后勤工作', '领导班子与组织建设工作', 3, '9', '9.校党委专项检查工作', 2, 2023, '2023-12-19 22:48:01', '1', NULL, NULL, 0, NULL, 1, 2, NULL),
(2696, '党建工作', '领导班子与组织建设工作', 4, '7', '9.召开院党委会', 2, 2023, '2023-12-19 22:48:01', '1', NULL, NULL, 0, NULL, 1, 3, NULL),
(2697, '科研工作', '领导班子与组织建设工作', 1, '7', '4.党员红色基地教育实践活动', 2, 2023, '2023-12-19 22:48:01', '1', NULL, NULL, 0, NULL, 1, 3, NULL),
(2698, '教学工作', '党风廉政建设工作', 2, '4', '10.召开院党委会', 2, 2023, '2023-12-19 22:48:01', '1', NULL, NULL, 0, NULL, 1, 1, NULL),
(2699, '教学工作', '领导班子与组织建设工作', 4, '2', '5.召开院党委会、院党政联席会', 2, 2023, '2023-12-19 22:48:01', '1', NULL, NULL, 0, NULL, 1, 2, NULL),
(2700, '后勤工作', '领导班子与组织建设工作', 1, '5', '8.召开院党委会', 2, 2023, '2023-12-19 22:48:01', '1', NULL, NULL, 0, NULL, 1, 3, NULL),
(2701, '学生工作', '党风廉政建设工作', 1, '4', '4.梳理年度任务分解清单中的各项任务落实情况', 3, 2023, '2023-12-19 22:48:01', '1', NULL, NULL, 0, NULL, 1, 3, NULL),
(2702, '财务工作', '领导班子与组织建设工作', 4, '5', '9.召开院党委会', 3, 2023, '2023-12-19 22:48:01', '1', NULL, NULL, 0, NULL, 1, 4, NULL),
(2703, '教学工作', '领导班子与组织建设工作', 1, '5', '10.召开院党委会', 3, 2023, '2023-12-19 22:48:01', '1', NULL, NULL, 0, NULL, 1, 1, NULL),
(2704, '招生工作', '党风廉政建设工作', 3, '5', '8.各支部书记讲党课', 3, 2023, '2023-12-19 22:48:01', '1', NULL, NULL, 0, NULL, 1, 2, NULL),
(2705, '科研工作', '党风廉政建设工作', 4, '9', '7.庆祝建党系列活动', 3, 2023, '2023-12-19 22:48:01', '1', NULL, NULL, 0, NULL, 1, 4, NULL),
(2706, '招生工作', '党风廉政建设工作', 1, '1', '3.各支部书记讲党课', 3, 2023, '2023-12-19 22:48:01', '1', NULL, NULL, 0, NULL, 1, 4, NULL),
(2707, '科研工作', '党风廉政建设工作', 1, '1', '1.各支部书记讲党课', 3, 2023, '2023-12-19 22:48:01', '1', NULL, NULL, 0, NULL, 1, 2, NULL),
(2708, '后勤工作', '党风廉政建设工作', 4, '7', '3.召开院党委会、院党政联席会', 3, 2023, '2023-12-19 22:48:01', '1', NULL, NULL, 0, NULL, 1, 3, NULL),
(2709, '教学工作', '党风廉政建设工作', 2, '3', '9.梳理年度任务分解清单中的各项任务落实情况', 3, 2023, '2023-12-19 22:48:01', '1', NULL, NULL, 0, NULL, 1, 4, NULL),
(2710, '学生工作', '领导班子与组织建设工作', 4, '4', '2.梳理年度任务分解清单中的各项任务落实情况', 3, 2023, '2023-12-19 22:48:01', '1', NULL, NULL, 0, NULL, 1, 4, NULL),
(2711, '党建工作', '党风廉政建设工作', 2, '8', '6.召开院党委会、院党政联席会', 3, 2023, '2023-12-19 22:48:01', '1', NULL, NULL, 0, NULL, 1, 1, NULL),
(2712, '招生工作', '领导班子与组织建设工作', 3, '4', '7.召开院党委会、院党政联席会', 3, 2023, '2023-12-19 22:48:01', '1', NULL, NULL, 0, NULL, 1, 1, NULL),
(2713, '招生工作', '党风廉政建设工作', 4, '1', '4.召开院党委会', 3, 2023, '2023-12-19 22:48:01', '1', NULL, NULL, 0, NULL, 1, 3, NULL),
(2714, '招生工作', '领导班子与组织建设工作', 2, '4', '4.梳理年度任务分解清单中的各项任务落实情况', 3, 2023, '2023-12-19 22:48:01', '1', NULL, NULL, 0, NULL, 1, 1, NULL),
(2715, '党建工作', '领导班子与组织建设工作', 3, '4', '9.专题研究部署工作', 3, 2023, '2023-12-19 22:48:01', '1', NULL, NULL, 0, NULL, 1, 1, NULL),
(2716, '后勤工作', '领导班子与组织建设工作', 2, '4', '10.入党积极分子确定', 3, 2023, '2023-12-19 22:48:01', '1', NULL, NULL, 0, NULL, 1, 2, NULL),
(2717, '招生工作', '领导班子与组织建设工作', 2, '2', '2.党员红色基地教育实践活动', 3, 2023, '2023-12-19 22:48:01', '1', NULL, NULL, 0, NULL, 1, 2, NULL),
(2718, '党建工作', '党风廉政建设工作', 2, '5', '5.庆祝建党系列活动', 3, 2023, '2023-12-19 22:48:01', '1', NULL, NULL, 0, NULL, 1, 4, NULL),
(2719, '党建工作', '党风廉政建设工作', 1, '6', '1.召开院党委会、院党政联席会', 3, 2023, '2023-12-19 22:48:01', '1', NULL, NULL, 0, NULL, 1, 3, NULL),
(2720, '学生工作', '党风廉政建设工作', 2, '4', '2.入党积极分子确定', 3, 2023, '2023-12-19 22:48:01', '1', NULL, NULL, 0, NULL, 1, 4, NULL),
(2721, '后勤工作', '党风廉政建设工作', 1, '3', '4.召开会议专题研究党风廉政建设', 3, 2023, '2023-12-19 22:48:01', '1', NULL, NULL, 0, NULL, 1, 4, NULL),
(2722, '招生工作', '党风廉政建设工作', 2, '6', '9.各支部书记讲党课', 3, 2023, '2023-12-19 22:48:01', '1', NULL, NULL, 0, NULL, 1, 3, NULL),
(2723, '财务工作', '领导班子与组织建设工作', 1, '6', '9.入党积极分子确定', 3, 2023, '2023-12-19 22:48:01', '1', NULL, NULL, 0, NULL, 1, 4, NULL),
(2724, '财务工作', '党风廉政建设工作', 4, '1', '6.召开会议专题研究党风廉政建设', 3, 2023, '2023-12-19 22:48:01', '1', NULL, NULL, 0, NULL, 1, 3, NULL),
(2725, '党建工作', '党风廉政建设工作', 1, '4', '2.专题研究部署工作', 3, 2023, '2023-12-19 22:48:01', '1', NULL, NULL, 0, NULL, 1, 1, NULL),
(2726, '财务工作', '领导班子与组织建设工作', 4, '8', '7.专题研究部署工作', 3, 2023, '2023-12-19 22:48:01', '1', NULL, NULL, 0, NULL, 1, 4, NULL),
(2727, '财务工作', '党风廉政建设工作', 4, '9', '7.庆祝建党系列活动', 3, 2023, '2023-12-19 22:48:01', '1', NULL, NULL, 0, NULL, 1, 3, NULL),
(2728, '教学工作', '党风廉政建设工作', 3, '1', '7.召开院党委会', 3, 2023, '2023-12-19 22:48:01', '1', NULL, NULL, 0, NULL, 1, 3, NULL),
(2729, '后勤工作', '领导班子与组织建设工作', 2, '8', '8.入党积极分子确定', 3, 2023, '2023-12-19 22:48:01', '1', NULL, NULL, 0, NULL, 1, 1, NULL),
(2730, '后勤工作', '领导班子与组织建设工作', 1, '7', '9.梳理年度任务分解清单中的各项任务落实情况', 3, 2023, '2023-12-19 22:48:01', '1', NULL, NULL, 0, NULL, 1, 3, NULL),
(2731, '财务工作', '党风廉政建设工作', 2, '3', '3.校党委专项检查工作', 3, 2023, '2023-12-19 22:48:01', '1', NULL, NULL, 0, NULL, 1, 2, NULL),
(2732, '科研工作', '领导班子与组织建设工作', 2, '7', '6.党员红色基地教育实践活动', 3, 2023, '2023-12-19 22:48:01', '1', NULL, NULL, 0, NULL, 1, 4, NULL),
(2733, '招生工作', '党风廉政建设工作', 4, '4', '10.党员红色基地教育实践活动', 3, 2023, '2023-12-19 22:48:01', '1', NULL, NULL, 0, NULL, 1, 4, NULL),
(2734, '财务工作', '领导班子与组织建设工作', 3, '7', '10.校党委专项检查工作', 3, 2023, '2023-12-19 22:48:01', '1', NULL, NULL, 0, NULL, 1, 2, NULL),
(2735, '党建工作', '党风廉政建设工作', 3, '9', '3.召开会议专题研究党风廉政建设', 3, 2023, '2023-12-19 22:48:01', '1', NULL, NULL, 0, NULL, 1, 1, NULL),
(2736, '招生工作', '党风廉政建设工作', 4, '9', '6.党员红色基地教育实践活动', 3, 2023, '2023-12-19 22:48:01', '1', NULL, NULL, 0, NULL, 1, 2, NULL),
(2737, '后勤工作', '党风廉政建设工作', 2, '4', '10.入党积极分子确定', 3, 2023, '2023-12-19 22:48:01', '1', NULL, NULL, 0, NULL, 1, 1, NULL),
(2738, '招生工作', '党风廉政建设工作', 1, '7', '3.庆祝建党系列活动', 3, 2023, '2023-12-19 22:48:01', '1', NULL, NULL, 0, NULL, 1, 1, NULL),
(2739, '招生工作', '领导班子与组织建设工作', 1, '3', '8.各支部书记讲党课', 3, 2023, '2023-12-19 22:48:01', '1', NULL, NULL, 0, NULL, 1, 1, NULL),
(2740, '科研工作', '领导班子与组织建设工作', 2, '3', '2.召开会议专题研究党风廉政建设', 3, 2023, '2023-12-19 22:48:01', '1', NULL, NULL, 0, NULL, 1, 3, NULL),
(2741, '党建工作', '党风廉政建设工作', 4, '3', '2.召开会议专题研究党风廉政建设', 3, 2023, '2023-12-19 22:48:01', '1', NULL, NULL, 0, NULL, 1, 1, NULL),
(2742, '财务工作', '党风廉政建设工作', 1, '2', '5.梳理年度任务分解清单中的各项任务落实情况', 3, 2023, '2023-12-19 22:48:01', '1', NULL, NULL, 0, NULL, 1, 3, NULL),
(2743, '招生工作', '党风廉政建设工作', 4, '6', '3.召开会议专题研究党风廉政建设', 3, 2023, '2023-12-19 22:48:01', '1', NULL, NULL, 0, NULL, 1, 3, NULL),
(2744, '教学工作', '领导班子与组织建设工作', 4, '1', '6.梳理年度任务分解清单中的各项任务落实情况', 3, 2023, '2023-12-19 22:48:01', '1', NULL, NULL, 0, NULL, 1, 1, NULL),
(2745, '科研工作', '领导班子与组织建设工作', 1, '6', '2.入党积极分子确定', 3, 2023, '2023-12-19 22:48:01', '1', NULL, NULL, 0, NULL, 1, 4, NULL),
(2746, '财务工作', '党风廉政建设工作', 4, '8', '1.入党积极分子确定', 3, 2023, '2023-12-19 22:48:01', '1', NULL, NULL, 0, NULL, 1, 4, NULL),
(2747, '学生工作', '领导班子与组织建设工作', 2, '4', '3.庆祝建党系列活动', 3, 2023, '2023-12-19 22:48:01', '1', NULL, NULL, 0, NULL, 1, 4, NULL),
(2748, '教学工作', '领导班子与组织建设工作', 2, '1', '7.党员红色基地教育实践活动', 3, 2023, '2023-12-19 22:48:01', '1', NULL, NULL, 0, NULL, 1, 1, NULL),
(2749, '教学工作', '党风廉政建设工作', 3, '2', '2.梳理年度任务分解清单中的各项任务落实情况', 3, 2023, '2023-12-19 22:48:01', '1', NULL, NULL, 0, NULL, 1, 1, NULL),
(2750, '财务工作', '党风廉政建设工作', 3, '3', '7.专题研究部署工作', 3, 2023, '2023-12-19 22:48:01', '1', NULL, NULL, 0, NULL, 1, 1, NULL),
(2751, '学生工作', '党风廉政建设工作', 4, '9', '9.召开会议专题研究党风廉政建设', 4, 2023, '2023-12-19 22:48:01', '1', NULL, NULL, 0, NULL, 1, 1, NULL),
(2752, '科研工作', '党风廉政建设工作', 3, '3', '7.校党委专项检查工作', 4, 2023, '2023-12-19 22:48:01', '1', NULL, NULL, 0, NULL, 1, 1, NULL),
(2753, '财务工作', '党风廉政建设工作', 1, '5', '5.召开院党委会', 4, 2023, '2023-12-19 22:48:01', '1', NULL, NULL, 0, NULL, 1, 2, NULL),
(2754, '党建工作', '党风廉政建设工作', 1, '7', '4.召开院党委会、院党政联席会', 4, 2023, '2023-12-19 22:48:01', '1', NULL, NULL, 0, NULL, 1, 4, NULL),
(2755, '教学工作', '党风廉政建设工作', 1, '4', '1.党员红色基地教育实践活动', 4, 2023, '2023-12-19 22:48:01', '1', NULL, NULL, 0, NULL, 1, 4, NULL),
(2756, '党建工作', '党风廉政建设工作', 1, '7', '2.召开院党委会、院党政联席会', 4, 2023, '2023-12-19 22:48:01', '1', NULL, NULL, 0, NULL, 1, 2, NULL),
(2757, '后勤工作', '领导班子与组织建设工作', 3, '3', '3.党员红色基地教育实践活动', 4, 2023, '2023-12-19 22:48:01', '1', NULL, NULL, 0, NULL, 1, 3, NULL),
(2758, '学生工作', '党风廉政建设工作', 3, '7', '4.梳理年度任务分解清单中的各项任务落实情况', 4, 2023, '2023-12-19 22:48:01', '1', NULL, NULL, 0, NULL, 1, 3, NULL),
(2759, '科研工作', '领导班子与组织建设工作', 4, '3', '7.专题研究部署工作', 4, 2023, '2023-12-19 22:48:01', '1', NULL, NULL, 0, NULL, 1, 2, NULL),
(2760, '财务工作', '党风廉政建设工作', 2, '4', '6.入党积极分子确定', 4, 2023, '2023-12-19 22:48:01', '1', NULL, NULL, 0, NULL, 1, 3, NULL),
(2761, '学生工作', '领导班子与组织建设工作', 3, '3', '10.党员红色基地教育实践活动', 4, 2023, '2023-12-19 22:48:01', '1', NULL, NULL, 0, NULL, 1, 4, NULL),
(2762, '教学工作', '领导班子与组织建设工作', 4, '3', '1.党员红色基地教育实践活动', 4, 2023, '2023-12-19 22:48:01', '1', NULL, NULL, 0, NULL, 1, 2, NULL),
(2763, '后勤工作', '党风廉政建设工作', 3, '4', '8.召开院党委会', 4, 2023, '2023-12-19 22:48:01', '1', NULL, NULL, 0, NULL, 1, 2, NULL),
(2764, '财务工作', '领导班子与组织建设工作', 4, '9', '7.专题研究部署工作', 4, 2023, '2023-12-19 22:48:01', '1', NULL, NULL, 0, NULL, 1, 2, NULL),
(2765, '招生工作', '领导班子与组织建设工作', 4, '7', '5.梳理年度任务分解清单中的各项任务落实情况', 4, 2023, '2023-12-19 22:48:01', '1', NULL, NULL, 0, NULL, 1, 3, NULL),
(2766, '党建工作', '党风廉政建设工作', 1, '3', '2.梳理年度任务分解清单中的各项任务落实情况', 4, 2023, '2023-12-19 22:48:01', '1', NULL, NULL, 0, NULL, 1, 3, NULL),
(2767, '党建工作', '领导班子与组织建设工作', 1, '3', '10.梳理年度任务分解清单中的各项任务落实情况', 4, 2023, '2023-12-19 22:48:01', '1', NULL, NULL, 0, NULL, 1, 1, NULL),
(2768, '招生工作', '领导班子与组织建设工作', 1, '5', '1.召开院党委会、院党政联席会', 4, 2023, '2023-12-19 22:48:01', '1', NULL, NULL, 0, NULL, 1, 2, NULL),
(2769, '党建工作', '党风廉政建设工作', 3, '2', '10.庆祝建党系列活动', 4, 2023, '2023-12-19 22:48:01', '1', NULL, NULL, 0, NULL, 1, 4, NULL),
(2770, '后勤工作', '党风廉政建设工作', 1, '2', '8.各支部书记讲党课', 4, 2023, '2023-12-19 22:48:01', '1', NULL, NULL, 0, NULL, 1, 2, NULL),
(2771, '财务工作', '党风廉政建设工作', 2, '3', '5.梳理年度任务分解清单中的各项任务落实情况', 4, 2023, '2023-12-19 22:48:01', '1', NULL, NULL, 0, NULL, 1, 4, NULL),
(2772, '后勤工作', '领导班子与组织建设工作', 4, '1', '5.庆祝建党系列活动', 4, 2023, '2023-12-19 22:48:01', '1', NULL, NULL, 0, NULL, 1, 4, NULL),
(2773, '学生工作', '党风廉政建设工作', 4, '8', '10.专题研究部署工作', 4, 2023, '2023-12-19 22:48:01', '1', NULL, NULL, 0, NULL, 1, 4, NULL),
(2774, '教学工作', '领导班子与组织建设工作', 3, '3', '9.各支部书记讲党课', 4, 2023, '2023-12-19 22:48:01', '1', NULL, NULL, 0, NULL, 1, 2, NULL),
(2775, '财务工作', '领导班子与组织建设工作', 1, '1', '4.召开院党委会、院党政联席会', 4, 2023, '2023-12-19 22:48:01', '1', NULL, NULL, 0, NULL, 1, 1, NULL),
(2776, '党建工作', '领导班子与组织建设工作', 2, '3', '6.庆祝建党系列活动', 4, 2023, '2023-12-19 22:48:01', '1', NULL, NULL, 0, NULL, 1, 1, NULL),
(2777, '财务工作', '领导班子与组织建设工作', 3, '4', '8.各支部书记讲党课', 4, 2023, '2023-12-19 22:48:01', '1', NULL, NULL, 0, NULL, 1, 3, NULL),
(2778, '学生工作', '领导班子与组织建设工作', 2, '3', '9.召开院党委会', 4, 2023, '2023-12-19 22:48:01', '1', NULL, NULL, 0, NULL, 1, 1, NULL),
(2779, '教学工作', '党风廉政建设工作', 3, '7', '6.召开院党委会、院党政联席会', 4, 2023, '2023-12-19 22:48:01', '1', NULL, NULL, 0, NULL, 1, 1, NULL),
(2780, '科研工作', '领导班子与组织建设工作', 4, '2', '2.召开会议专题研究党风廉政建设', 4, 2023, '2023-12-19 22:48:01', '1', NULL, NULL, 0, NULL, 1, 2, NULL),
(2781, '科研工作', '党风廉政建设工作', 2, '8', '4.梳理年度任务分解清单中的各项任务落实情况', 4, 2023, '2023-12-19 22:48:01', '1', NULL, NULL, 0, NULL, 1, 1, NULL),
(2782, '教学工作', '领导班子与组织建设工作', 3, '8', '7.专题研究部署工作', 4, 2023, '2023-12-19 22:48:01', '1', NULL, NULL, 0, NULL, 1, 2, NULL),
(2783, '党建工作', '党风廉政建设工作', 3, '9', '9.召开院党委会、院党政联席会', 4, 2023, '2023-12-19 22:48:01', '1', NULL, NULL, 0, NULL, 1, 1, NULL),
(2784, '科研工作', '领导班子与组织建设工作', 2, '1', '1.召开会议专题研究党风廉政建设', 4, 2023, '2023-12-19 22:48:01', '1', NULL, NULL, 0, NULL, 1, 3, NULL),
(2785, '招生工作', '领导班子与组织建设工作', 1, '7', '4.梳理年度任务分解清单中的各项任务落实情况', 4, 2023, '2023-12-19 22:48:01', '1', NULL, NULL, 0, NULL, 1, 4, NULL),
(2786, '后勤工作', '党风廉政建设工作', 4, '4', '6.党员红色基地教育实践活动', 4, 2023, '2023-12-19 22:48:01', '1', NULL, NULL, 0, NULL, 1, 1, NULL),
(2787, '学生工作', '领导班子与组织建设工作', 3, '6', '9.入党积极分子确定', 4, 2023, '2023-12-19 22:48:01', '1', NULL, NULL, 0, NULL, 1, 2, NULL),
(2788, '科研工作', '领导班子与组织建设工作', 3, '4', '4.庆祝建党系列活动', 4, 2023, '2023-12-19 22:48:01', '1', NULL, NULL, 0, NULL, 1, 2, NULL),
(2789, '学生工作', '领导班子与组织建设工作', 2, '2', '8.召开院党委会', 4, 2023, '2023-12-19 22:48:01', '1', NULL, NULL, 0, NULL, 1, 2, NULL),
(2790, '财务工作', '领导班子与组织建设工作', 4, '9', '8.党员红色基地教育实践活动', 4, 2023, '2023-12-19 22:48:01', '1', NULL, NULL, 0, NULL, 1, 3, NULL),
(2791, '教学工作', '党风廉政建设工作', 1, '7', '6.专题研究部署工作', 4, 2023, '2023-12-19 22:48:01', '1', NULL, NULL, 0, NULL, 1, 4, NULL),
(2792, '学生工作', '党风廉政建设工作', 2, '3', '1.校党委专项检查工作', 4, 2023, '2023-12-19 22:48:01', '1', NULL, NULL, 0, NULL, 1, 2, NULL),
(2793, '党建工作', '党风廉政建设工作', 4, '1', '10.庆祝建党系列活动', 4, 2023, '2023-12-19 22:48:01', '1', NULL, NULL, 0, NULL, 1, 3, NULL),
(2794, '后勤工作', '领导班子与组织建设工作', 3, '4', '8.校党委专项检查工作', 4, 2023, '2023-12-19 22:48:01', '1', NULL, NULL, 0, NULL, 1, 1, NULL),
(2795, '财务工作', '领导班子与组织建设工作', 3, '9', '5.庆祝建党系列活动', 4, 2023, '2023-12-19 22:48:01', '1', NULL, NULL, 0, NULL, 1, 1, NULL),
(2796, '科研工作', '领导班子与组织建设工作', 3, '6', '8.庆祝建党系列活动', 4, 2023, '2023-12-19 22:48:01', '1', NULL, NULL, 0, NULL, 1, 4, NULL),
(2797, '财务工作', '领导班子与组织建设工作', 4, '3', '9.召开会议专题研究党风廉政建设', 4, 2023, '2023-12-19 22:48:01', '1', NULL, NULL, 0, NULL, 1, 4, NULL),
(2798, '党建工作', '领导班子与组织建设工作', 1, '3', '10.庆祝建党系列活动', 4, 2023, '2023-12-19 22:48:01', '1', NULL, NULL, 0, NULL, 1, 4, NULL),
(2799, '党建工作', '领导班子与组织建设工作', 4, '5', '2.专题研究部署工作', 4, 2023, '2023-12-19 22:48:01', '1', NULL, NULL, 0, NULL, 1, 1, NULL),
(2800, '财务工作', '领导班子与组织建设工作', 3, '9', '6.庆祝建党系列活动', 4, 2023, '2023-12-19 22:48:01', '1', NULL, NULL, 0, NULL, 1, 2, NULL),
(2801, '学生工作', '党风廉政建设工作', 2, '2', '8.召开院党委会', 5, 2023, '2023-12-19 22:48:01', '1', NULL, NULL, 0, NULL, 1, 3, NULL),
(2802, '科研工作', '党风廉政建设工作', 4, '2', '10.召开会议专题研究党风廉政建设', 5, 2023, '2023-12-19 22:48:01', '1', NULL, NULL, 0, NULL, 1, 4, NULL),
(2803, '后勤工作', '领导班子与组织建设工作', 4, '1', '9.党员红色基地教育实践活动', 5, 2023, '2023-12-19 22:48:01', '1', NULL, NULL, 0, NULL, 1, 4, NULL),
(2804, '后勤工作', '党风廉政建设工作', 3, '6', '3.入党积极分子确定', 5, 2023, '2023-12-19 22:48:01', '1', NULL, NULL, 0, NULL, 1, 3, NULL),
(2805, '教学工作', '领导班子与组织建设工作', 2, '8', '1.庆祝建党系列活动', 5, 2023, '2023-12-19 22:48:01', '1', NULL, NULL, 0, NULL, 1, 1, NULL),
(2806, '科研工作', '领导班子与组织建设工作', 4, '7', '1.庆祝建党系列活动', 5, 2023, '2023-12-19 22:48:01', '1', NULL, NULL, 0, NULL, 1, 2, NULL),
(2807, '招生工作', '领导班子与组织建设工作', 4, '8', '7.召开院党委会', 5, 2023, '2023-12-19 22:48:01', '1', NULL, NULL, 0, NULL, 1, 4, NULL),
(2808, '后勤工作', '党风廉政建设工作', 2, '1', '2.入党积极分子确定', 5, 2023, '2023-12-19 22:48:01', '1', NULL, NULL, 0, NULL, 1, 2, NULL),
(2809, '教学工作', '领导班子与组织建设工作', 4, '3', '3.召开院党委会', 5, 2023, '2023-12-19 22:48:01', '1', NULL, NULL, 0, NULL, 1, 2, NULL),
(2810, '财务工作', '党风廉政建设工作', 3, '5', '8.召开会议专题研究党风廉政建设', 5, 2023, '2023-12-19 22:48:01', '1', NULL, NULL, 0, NULL, 1, 3, NULL),
(2811, '教学工作', '领导班子与组织建设工作', 2, '3', '5.梳理年度任务分解清单中的各项任务落实情况', 5, 2023, '2023-12-19 22:48:01', '1', NULL, NULL, 0, NULL, 1, 4, NULL),
(2812, '党建工作', '党风廉政建设工作', 3, '8', '6.召开院党委会、院党政联席会', 5, 2023, '2023-12-19 22:48:01', '1', NULL, NULL, 0, NULL, 1, 2, NULL),
(2813, '党建工作', '党风廉政建设工作', 4, '1', '9.庆祝建党系列活动', 5, 2023, '2023-12-19 22:48:01', '1', NULL, NULL, 0, NULL, 1, 4, NULL),
(2814, '招生工作', '领导班子与组织建设工作', 2, '9', '10.召开会议专题研究党风廉政建设', 5, 2023, '2023-12-19 22:48:01', '1', NULL, NULL, 0, NULL, 1, 3, NULL),
(2815, '招生工作', '领导班子与组织建设工作', 3, '2', '2.召开院党委会、院党政联席会', 5, 2023, '2023-12-19 22:48:01', '1', NULL, NULL, 0, NULL, 1, 3, NULL),
(2816, '党建工作', '党风廉政建设工作', 2, '7', '10.召开会议专题研究党风廉政建设', 5, 2023, '2023-12-19 22:48:01', '1', NULL, NULL, 0, NULL, 1, 3, NULL),
(2817, '党建工作', '党风廉政建设工作', 1, '3', '3.召开会议专题研究党风廉政建设', 5, 2023, '2023-12-19 22:48:01', '1', NULL, NULL, 0, NULL, 1, 4, NULL),
(2818, '招生工作', '领导班子与组织建设工作', 3, '1', '9.专题研究部署工作', 5, 2023, '2023-12-19 22:48:01', '1', NULL, NULL, 0, NULL, 1, 2, NULL),
(2819, '教学工作', '领导班子与组织建设工作', 4, '2', '9.召开院党委会、院党政联席会', 5, 2023, '2023-12-19 22:48:01', '1', NULL, NULL, 0, NULL, 1, 1, NULL),
(2820, '教学工作', '领导班子与组织建设工作', 3, '5', '2.党员红色基地教育实践活动', 5, 2023, '2023-12-19 22:48:01', '1', NULL, NULL, 0, NULL, 1, 1, NULL),
(2821, '后勤工作', '党风廉政建设工作', 2, '5', '3.召开会议专题研究党风廉政建设', 5, 2023, '2023-12-19 22:48:01', '1', NULL, NULL, 0, NULL, 1, 2, NULL),
(2822, '党建工作', '党风廉政建设工作', 2, '2', '3.召开会议专题研究党风廉政建设', 5, 2023, '2023-12-19 22:48:01', '1', NULL, NULL, 0, NULL, 1, 1, NULL),
(2823, '教学工作', '领导班子与组织建设工作', 2, '6', '3.专题研究部署工作', 5, 2023, '2023-12-19 22:48:01', '1', NULL, NULL, 0, NULL, 1, 2, NULL),
(2824, '党建工作', '领导班子与组织建设工作', 1, '8', '3.党员红色基地教育实践活动', 5, 2023, '2023-12-19 22:48:01', '1', NULL, NULL, 0, NULL, 1, 3, NULL),
(2825, '后勤工作', '领导班子与组织建设工作', 2, '2', '1.召开院党委会', 5, 2023, '2023-12-19 22:48:01', '1', NULL, NULL, 0, NULL, 1, 4, NULL),
(2826, '财务工作', '党风廉政建设工作', 2, '6', '6.召开院党委会、院党政联席会', 5, 2023, '2023-12-19 22:48:01', '1', NULL, NULL, 0, NULL, 1, 1, NULL),
(2827, '后勤工作', '党风廉政建设工作', 2, '9', '9.召开会议专题研究党风廉政建设', 5, 2023, '2023-12-19 22:48:01', '1', NULL, NULL, 0, NULL, 1, 4, NULL),
(2828, '学生工作', '党风廉政建设工作', 1, '8', '10.专题研究部署工作', 5, 2023, '2023-12-19 22:48:01', '1', NULL, NULL, 0, NULL, 1, 4, NULL),
(2829, '财务工作', '党风廉政建设工作', 1, '9', '7.校党委专项检查工作', 5, 2023, '2023-12-19 22:48:01', '1', NULL, NULL, 0, NULL, 1, 2, NULL),
(2830, '科研工作', '党风廉政建设工作', 4, '7', '8.党员红色基地教育实践活动', 5, 2023, '2023-12-19 22:48:01', '1', NULL, NULL, 0, NULL, 1, 2, NULL),
(2831, '后勤工作', '领导班子与组织建设工作', 4, '9', '2.召开会议专题研究党风廉政建设', 5, 2023, '2023-12-19 22:48:01', '1', NULL, NULL, 0, NULL, 1, 2, NULL),
(2832, '学生工作', '领导班子与组织建设工作', 4, '9', '10.庆祝建党系列活动', 5, 2023, '2023-12-19 22:48:01', '1', NULL, NULL, 0, NULL, 1, 1, NULL),
(2833, '后勤工作', '党风廉政建设工作', 2, '2', '7.召开院党委会、院党政联席会', 5, 2023, '2023-12-19 22:48:01', '1', NULL, NULL, 0, NULL, 1, 1, NULL),
(2834, '科研工作', '党风廉政建设工作', 1, '3', '5.召开会议专题研究党风廉政建设', 5, 2023, '2023-12-19 22:48:01', '1', NULL, NULL, 0, NULL, 1, 2, NULL),
(2835, '教学工作', '党风廉政建设工作', 1, '3', '6.入党积极分子确定', 5, 2023, '2023-12-19 22:48:01', '1', NULL, NULL, 0, NULL, 1, 3, NULL),
(2836, '招生工作', '党风廉政建设工作', 1, '6', '8.梳理年度任务分解清单中的各项任务落实情况', 5, 2023, '2023-12-19 22:48:01', '1', NULL, NULL, 0, NULL, 1, 4, NULL),
(2837, '财务工作', '领导班子与组织建设工作', 4, '6', '6.召开院党委会', 5, 2023, '2023-12-19 22:48:01', '1', NULL, NULL, 0, NULL, 1, 2, NULL),
(2838, '财务工作', '党风廉政建设工作', 2, '9', '4.入党积极分子确定', 5, 2023, '2023-12-19 22:48:01', '1', NULL, NULL, 0, NULL, 1, 2, NULL),
(2839, '后勤工作', '领导班子与组织建设工作', 1, '4', '9.专题研究部署工作', 5, 2023, '2023-12-19 22:48:01', '1', NULL, NULL, 0, NULL, 1, 2, NULL),
(2840, '学生工作', '党风廉政建设工作', 1, '4', '4.庆祝建党系列活动', 5, 2023, '2023-12-19 22:48:01', '1', NULL, NULL, 0, NULL, 1, 1, NULL),
(2841, '财务工作', '领导班子与组织建设工作', 2, '7', '1.专题研究部署工作', 5, 2023, '2023-12-19 22:48:01', '1', NULL, NULL, 0, NULL, 1, 1, NULL),
(2842, '教学工作', '领导班子与组织建设工作', 4, '4', '4.召开院党委会', 5, 2023, '2023-12-19 22:48:01', '1', NULL, NULL, 0, NULL, 1, 2, NULL),
(2843, '学生工作', '党风廉政建设工作', 1, '4', '4.校党委专项检查工作', 5, 2023, '2023-12-19 22:48:01', '1', NULL, NULL, 0, NULL, 1, 4, NULL),
(2844, '党建工作', '领导班子与组织建设工作', 1, '8', '9.党员红色基地教育实践活动', 5, 2023, '2023-12-19 22:48:01', '1', NULL, NULL, 0, NULL, 1, 3, NULL),
(2845, '党建工作', '党风廉政建设工作', 1, '6', '8.梳理年度任务分解清单中的各项任务落实情况', 5, 2023, '2023-12-19 22:48:01', '1', NULL, NULL, 0, NULL, 1, 3, NULL),
(2846, '学生工作', '领导班子与组织建设工作', 1, '5', '7.专题研究部署工作', 5, 2023, '2023-12-19 22:48:01', '1', NULL, NULL, 0, NULL, 1, 2, NULL),
(2847, '学生工作', '领导班子与组织建设工作', 3, '5', '3.各支部书记讲党课', 5, 2023, '2023-12-19 22:48:01', '1', NULL, NULL, 0, NULL, 1, 4, NULL),
(2848, '教学工作', '党风廉政建设工作', 2, '2', '10.党员红色基地教育实践活动', 5, 2023, '2023-12-19 22:48:01', '1', NULL, NULL, 0, NULL, 1, 2, NULL),
(2849, '科研工作', '党风廉政建设工作', 4, '4', '10.召开院党委会', 5, 2023, '2023-12-19 22:48:01', '1', NULL, NULL, 0, NULL, 1, 3, NULL),
(2850, '科研工作', '党风廉政建设工作', 1, '4', '4.党员红色基地教育实践活动', 5, 2023, '2023-12-19 22:48:01', '1', NULL, NULL, 0, NULL, 1, 3, NULL),
(2851, '教学工作', '党风廉政建设工作', 2, '1', '1.专题研究部署工作', 6, 2023, '2023-12-19 22:48:01', '1', NULL, NULL, 0, NULL, 1, 2, NULL),
(2852, '招生工作', '党风廉政建设工作', 3, '4', '4.校党委专项检查工作', 6, 2023, '2023-12-19 22:48:01', '1', NULL, NULL, 0, NULL, 1, 1, NULL),
(2853, '教学工作', '党风廉政建设工作', 2, '8', '3.入党积极分子确定', 6, 2023, '2023-12-19 22:48:01', '1', NULL, NULL, 0, NULL, 1, 2, NULL),
(2854, '学生工作', '领导班子与组织建设工作', 1, '9', '7.各支部书记讲党课', 6, 2023, '2023-12-19 22:48:01', '1', NULL, NULL, 0, NULL, 1, 3, NULL),
(2855, '科研工作', '领导班子与组织建设工作', 3, '2', '6.各支部书记讲党课', 6, 2023, '2023-12-19 22:48:01', '1', NULL, NULL, 0, NULL, 1, 3, NULL),
(2856, '科研工作', '领导班子与组织建设工作', 4, '6', '3.各支部书记讲党课', 6, 2023, '2023-12-19 22:48:01', '1', NULL, NULL, 0, NULL, 1, 1, NULL),
(2857, '党建工作', '党风廉政建设工作', 4, '9', '7.召开会议专题研究党风廉政建设', 6, 2023, '2023-12-19 22:48:01', '1', NULL, NULL, 0, NULL, 1, 2, NULL),
(2858, '学生工作', '领导班子与组织建设工作', 4, '1', '1.专题研究部署工作', 6, 2023, '2023-12-19 22:48:01', '1', NULL, NULL, 0, NULL, 1, 4, NULL),
(2859, '财务工作', '领导班子与组织建设工作', 2, '9', '6.各支部书记讲党课', 6, 2023, '2023-12-19 22:48:01', '1', NULL, NULL, 0, NULL, 1, 3, NULL),
(2860, '学生工作', '党风廉政建设工作', 1, '6', '3.各支部书记讲党课', 6, 2023, '2023-12-19 22:48:01', '1', NULL, NULL, 0, NULL, 1, 4, NULL),
(2861, '科研工作', '党风廉政建设工作', 4, '9', '8.专题研究部署工作', 6, 2023, '2023-12-19 22:48:01', '1', NULL, NULL, 0, NULL, 1, 4, NULL),
(2862, '财务工作', '党风廉政建设工作', 3, '5', '9.专题研究部署工作', 6, 2023, '2023-12-19 22:48:01', '1', NULL, NULL, 0, NULL, 1, 3, NULL),
(2863, '教学工作', '领导班子与组织建设工作', 3, '4', '5.召开院党委会、院党政联席会', 6, 2023, '2023-12-19 22:48:01', '1', NULL, NULL, 0, NULL, 1, 3, NULL),
(2864, '招生工作', '领导班子与组织建设工作', 1, '5', '9.校党委专项检查工作', 6, 2023, '2023-12-19 22:48:01', '1', NULL, NULL, 0, NULL, 1, 1, NULL),
(2865, '招生工作', '领导班子与组织建设工作', 1, '9', '1.党员红色基地教育实践活动', 6, 2023, '2023-12-19 22:48:01', '1', NULL, NULL, 0, NULL, 1, 1, NULL),
(2866, '招生工作', '党风廉政建设工作', 3, '8', '1.召开会议专题研究党风廉政建设', 6, 2023, '2023-12-19 22:48:01', '1', NULL, NULL, 0, NULL, 1, 1, NULL),
(2867, '学生工作', '党风廉政建设工作', 3, '6', '2.各支部书记讲党课', 6, 2023, '2023-12-19 22:48:01', '1', NULL, NULL, 0, NULL, 1, 4, NULL),
(2868, '后勤工作', '党风廉政建设工作', 1, '9', '6.召开院党委会', 6, 2023, '2023-12-19 22:48:01', '1', NULL, NULL, 0, NULL, 1, 3, NULL),
(2869, '财务工作', '领导班子与组织建设工作', 4, '6', '1.党员红色基地教育实践活动', 6, 2023, '2023-12-19 22:48:01', '1', NULL, NULL, 0, NULL, 1, 1, NULL),
(2870, '党建工作', '党风廉政建设工作', 1, '7', '3.召开会议专题研究党风廉政建设', 6, 2023, '2023-12-19 22:48:01', '1', NULL, NULL, 0, NULL, 1, 3, NULL),
(2871, '招生工作', '领导班子与组织建设工作', 3, '6', '9.召开院党委会', 6, 2023, '2023-12-19 22:48:01', '1', NULL, NULL, 0, NULL, 1, 1, NULL),
(2872, '招生工作', '领导班子与组织建设工作', 2, '4', '1.校党委专项检查工作', 6, 2023, '2023-12-19 22:48:01', '1', NULL, NULL, 0, NULL, 1, 3, NULL),
(2873, '招生工作', '党风廉政建设工作', 1, '2', '4.校党委专项检查工作', 6, 2023, '2023-12-19 22:48:01', '1', NULL, NULL, 0, NULL, 1, 1, NULL),
(2874, '后勤工作', '党风廉政建设工作', 4, '6', '6.各支部书记讲党课', 6, 2023, '2023-12-19 22:48:01', '1', NULL, NULL, 0, NULL, 1, 2, NULL),
(2875, '学生工作', '党风廉政建设工作', 4, '5', '8.各支部书记讲党课', 6, 2023, '2023-12-19 22:48:01', '1', NULL, NULL, 0, NULL, 1, 1, NULL),
(2876, '后勤工作', '党风廉政建设工作', 2, '6', '3.召开院党委会', 6, 2023, '2023-12-19 22:48:01', '1', NULL, NULL, 0, NULL, 1, 4, NULL),
(2877, '教学工作', '党风廉政建设工作', 2, '8', '8.入党积极分子确定', 6, 2023, '2023-12-19 22:48:01', '1', NULL, NULL, 0, NULL, 1, 2, NULL),
(2878, '党建工作', '领导班子与组织建设工作', 4, '8', '9.党员红色基地教育实践活动', 6, 2023, '2023-12-19 22:48:01', '1', NULL, NULL, 0, NULL, 1, 1, NULL),
(2879, '学生工作', '党风廉政建设工作', 1, '7', '10.梳理年度任务分解清单中的各项任务落实情况', 6, 2023, '2023-12-19 22:48:01', '1', NULL, NULL, 0, NULL, 1, 2, NULL),
(2880, '科研工作', '党风廉政建设工作', 4, '5', '9.召开院党委会', 6, 2023, '2023-12-19 22:48:01', '1', NULL, NULL, 0, NULL, 1, 1, NULL),
(2881, '党建工作', '领导班子与组织建设工作', 4, '1', '4.校党委专项检查工作', 6, 2023, '2023-12-19 22:48:01', '1', NULL, NULL, 0, NULL, 1, 2, NULL),
(2882, '学生工作', '党风廉政建设工作', 1, '9', '7.梳理年度任务分解清单中的各项任务落实情况', 6, 2023, '2023-12-19 22:48:01', '1', NULL, NULL, 0, NULL, 1, 3, NULL),
(2883, '教学工作', '领导班子与组织建设工作', 4, '5', '8.专题研究部署工作', 6, 2023, '2023-12-19 22:48:01', '1', NULL, NULL, 0, NULL, 1, 3, NULL),
(2884, '招生工作', '领导班子与组织建设工作', 3, '1', '10.庆祝建党系列活动', 6, 2023, '2023-12-19 22:48:01', '1', NULL, NULL, 0, NULL, 1, 3, NULL),
(2885, '教学工作', '领导班子与组织建设工作', 2, '1', '5.各支部书记讲党课', 6, 2023, '2023-12-19 22:48:01', '1', NULL, NULL, 0, NULL, 1, 3, NULL),
(2886, '党建工作', '党风廉政建设工作', 2, '1', '2.召开院党委会', 6, 2023, '2023-12-19 22:48:01', '1', NULL, NULL, 0, NULL, 1, 2, NULL),
(2887, '招生工作', '党风廉政建设工作', 2, '9', '1.召开院党委会、院党政联席会', 6, 2023, '2023-12-19 22:48:01', '1', NULL, NULL, 0, NULL, 1, 4, NULL),
(2888, '财务工作', '党风廉政建设工作', 4, '5', '10.庆祝建党系列活动', 6, 2023, '2023-12-19 22:48:01', '1', NULL, NULL, 0, NULL, 1, 4, NULL),
(2889, '党建工作', '领导班子与组织建设工作', 2, '4', '8.梳理年度任务分解清单中的各项任务落实情况', 6, 2023, '2023-12-19 22:48:01', '1', NULL, NULL, 0, NULL, 1, 3, NULL),
(2890, '招生工作', '党风廉政建设工作', 2, '4', '4.召开院党委会、院党政联席会', 6, 2023, '2023-12-19 22:48:01', '1', NULL, NULL, 0, NULL, 1, 1, NULL),
(2891, '学生工作', '领导班子与组织建设工作', 3, '1', '4.梳理年度任务分解清单中的各项任务落实情况', 6, 2023, '2023-12-19 22:48:01', '1', NULL, NULL, 0, NULL, 1, 4, NULL),
(2892, '财务工作', '领导班子与组织建设工作', 4, '1', '3.校党委专项检查工作', 6, 2023, '2023-12-19 22:48:01', '1', NULL, NULL, 0, NULL, 1, 1, NULL),
(2893, '教学工作', '领导班子与组织建设工作', 3, '3', '7.召开院党委会、院党政联席会', 6, 2023, '2023-12-19 22:48:01', '1', NULL, NULL, 0, NULL, 1, 1, NULL),
(2894, '党建工作', '党风廉政建设工作', 2, '5', '2.召开院党委会', 6, 2023, '2023-12-19 22:48:01', '1', NULL, NULL, 0, NULL, 1, 4, NULL),
(2895, '教学工作', '党风廉政建设工作', 1, '9', '8.专题研究部署工作', 6, 2023, '2023-12-19 22:48:01', '1', NULL, NULL, 0, NULL, 1, 3, NULL),
(2896, '后勤工作', '领导班子与组织建设工作', 3, '4', '1.召开院党委会', 6, 2023, '2023-12-19 22:48:01', '1', NULL, NULL, 0, NULL, 1, 1, NULL),
(2897, '招生工作', '党风廉政建设工作', 2, '7', '6.庆祝建党系列活动', 6, 2023, '2023-12-19 22:48:01', '1', NULL, NULL, 0, NULL, 1, 2, NULL),
(2898, '党建工作', '党风廉政建设工作', 3, '6', '4.各支部书记讲党课', 6, 2023, '2023-12-19 22:48:01', '1', NULL, NULL, 0, NULL, 1, 4, NULL),
(2899, '后勤工作', '党风廉政建设工作', 2, '5', '4.入党积极分子确定', 6, 2023, '2023-12-19 22:48:01', '1', NULL, NULL, 0, NULL, 1, 2, NULL),
(2900, '教学工作', '党风廉政建设工作', 1, '8', '7.梳理年度任务分解清单中的各项任务落实情况', 6, 2023, '2023-12-19 22:48:01', '1', NULL, NULL, 0, NULL, 1, 4, NULL),
(2901, '教学工作', '党风廉政建设工作', 2, '3', '3.入党积极分子确定', 7, 2023, '2023-12-19 22:48:01', '1', NULL, NULL, 0, NULL, 1, 4, NULL),
(2902, '招生工作', '领导班子与组织建设工作', 4, '8', '5.校党委专项检查工作', 7, 2023, '2023-12-19 22:48:01', '1', NULL, NULL, 0, NULL, 1, 2, NULL),
(2903, '学生工作', '领导班子与组织建设工作', 1, '8', '5.召开院党委会', 7, 2023, '2023-12-19 22:48:01', '1', NULL, NULL, 0, NULL, 1, 2, NULL),
(2904, '学生工作', '领导班子与组织建设工作', 2, '7', '1.专题研究部署工作', 7, 2023, '2023-12-19 22:48:01', '1', NULL, NULL, 0, NULL, 1, 3, NULL),
(2905, '教学工作', '领导班子与组织建设工作', 3, '5', '8.庆祝建党系列活动', 7, 2023, '2023-12-19 22:48:01', '1', NULL, NULL, 0, NULL, 1, 3, NULL),
(2906, '科研工作', '党风廉政建设工作', 1, '2', '7.入党积极分子确定', 7, 2023, '2023-12-19 22:48:01', '1', NULL, NULL, 0, NULL, 1, 3, NULL),
(2907, '教学工作', '党风廉政建设工作', 4, '6', '4.召开会议专题研究党风廉政建设', 7, 2023, '2023-12-19 22:48:01', '1', NULL, NULL, 0, NULL, 1, 2, NULL),
(2908, '教学工作', '领导班子与组织建设工作', 3, '7', '6.召开会议专题研究党风廉政建设', 7, 2023, '2023-12-19 22:48:01', '1', NULL, NULL, 0, NULL, 1, 3, NULL),
(2909, '学生工作', '党风廉政建设工作', 1, '5', '1.召开院党委会', 7, 2023, '2023-12-19 22:48:01', '1', NULL, NULL, 0, NULL, 1, 1, NULL),
(2910, '招生工作', '领导班子与组织建设工作', 1, '8', '1.党员红色基地教育实践活动', 7, 2023, '2023-12-19 22:48:01', '1', NULL, NULL, 0, NULL, 1, 4, NULL),
(2911, '科研工作', '领导班子与组织建设工作', 3, '5', '5.庆祝建党系列活动', 7, 2023, '2023-12-19 22:48:01', '1', NULL, NULL, 0, NULL, 1, 3, NULL),
(2912, '学生工作', '党风廉政建设工作', 3, '6', '5.庆祝建党系列活动', 7, 2023, '2023-12-19 22:48:01', '1', NULL, NULL, 0, NULL, 1, 3, NULL),
(2913, '招生工作', '党风廉政建设工作', 2, '7', '9.党员红色基地教育实践活动', 7, 2023, '2023-12-19 22:48:01', '1', NULL, NULL, 0, NULL, 1, 2, NULL),
(2914, '党建工作', '党风廉政建设工作', 2, '3', '2.召开院党委会', 7, 2023, '2023-12-19 22:48:01', '1', NULL, NULL, 0, NULL, 1, 3, NULL),
(2915, '招生工作', '领导班子与组织建设工作', 4, '4', '5.各支部书记讲党课', 7, 2023, '2023-12-19 22:48:01', '1', NULL, NULL, 0, NULL, 1, 4, NULL),
(2916, '招生工作', '领导班子与组织建设工作', 2, '2', '1.校党委专项检查工作', 7, 2023, '2023-12-19 22:48:01', '1', NULL, NULL, 0, NULL, 1, 4, NULL),
(2917, '学生工作', '领导班子与组织建设工作', 2, '2', '6.党员红色基地教育实践活动', 7, 2023, '2023-12-19 22:48:01', '1', NULL, NULL, 0, NULL, 1, 3, NULL),
(2918, '学生工作', '领导班子与组织建设工作', 2, '1', '1.梳理年度任务分解清单中的各项任务落实情况', 7, 2023, '2023-12-19 22:48:01', '1', NULL, NULL, 0, NULL, 1, 1, NULL),
(2919, '科研工作', '党风廉政建设工作', 2, '9', '3.召开会议专题研究党风廉政建设', 7, 2023, '2023-12-19 22:48:01', '1', NULL, NULL, 0, NULL, 1, 3, NULL),
(2920, '党建工作', '党风廉政建设工作', 2, '7', '1.入党积极分子确定', 7, 2023, '2023-12-19 22:48:01', '1', NULL, NULL, 0, NULL, 1, 3, NULL),
(2921, '党建工作', '领导班子与组织建设工作', 2, '7', '9.党员红色基地教育实践活动', 7, 2023, '2023-12-19 22:48:01', '1', NULL, NULL, 0, NULL, 1, 2, NULL),
(2922, '教学工作', '党风廉政建设工作', 1, '3', '2.党员红色基地教育实践活动', 7, 2023, '2023-12-19 22:48:01', '1', NULL, NULL, 0, NULL, 1, 4, NULL),
(2923, '教学工作', '党风廉政建设工作', 2, '5', '1.党员红色基地教育实践活动', 7, 2023, '2023-12-19 22:48:01', '1', NULL, NULL, 0, NULL, 1, 1, NULL),
(2924, '财务工作', '党风廉政建设工作', 3, '8', '7.入党积极分子确定', 7, 2023, '2023-12-19 22:48:01', '1', NULL, NULL, 0, NULL, 1, 3, NULL),
(2925, '科研工作', '领导班子与组织建设工作', 2, '1', '9.专题研究部署工作', 7, 2023, '2023-12-19 22:48:01', '1', NULL, NULL, 0, NULL, 1, 4, NULL),
(2926, '招生工作', '党风廉政建设工作', 3, '7', '3.梳理年度任务分解清单中的各项任务落实情况', 7, 2023, '2023-12-19 22:48:01', '1', NULL, NULL, 0, NULL, 1, 4, NULL),
(2927, '学生工作', '领导班子与组织建设工作', 4, '3', '6.召开院党委会', 7, 2023, '2023-12-19 22:48:01', '1', NULL, NULL, 0, NULL, 1, 2, NULL),
(2928, '财务工作', '领导班子与组织建设工作', 1, '6', '9.各支部书记讲党课', 7, 2023, '2023-12-19 22:48:01', '1', NULL, NULL, 0, NULL, 1, 1, NULL),
(2929, '党建工作', '党风廉政建设工作', 2, '3', '2.召开会议专题研究党风廉政建设', 7, 2023, '2023-12-19 22:48:01', '1', NULL, NULL, 0, NULL, 1, 3, NULL),
(2930, '党建工作', '领导班子与组织建设工作', 4, '4', '4.召开会议专题研究党风廉政建设', 7, 2023, '2023-12-19 22:48:01', '1', NULL, NULL, 0, NULL, 1, 2, NULL),
(2931, '教学工作', '领导班子与组织建设工作', 3, '4', '2.党员红色基地教育实践活动', 7, 2023, '2023-12-19 22:48:01', '1', NULL, NULL, 0, NULL, 1, 3, NULL),
(2932, '财务工作', '领导班子与组织建设工作', 3, '2', '2.梳理年度任务分解清单中的各项任务落实情况', 7, 2023, '2023-12-19 22:48:01', '1', NULL, NULL, 0, NULL, 1, 2, NULL),
(2933, '财务工作', '领导班子与组织建设工作', 4, '5', '1.校党委专项检查工作', 7, 2023, '2023-12-19 22:48:01', '1', NULL, NULL, 0, NULL, 1, 1, NULL),
(2934, '党建工作', '领导班子与组织建设工作', 4, '3', '1.庆祝建党系列活动', 7, 2023, '2023-12-19 22:48:01', '1', NULL, NULL, 0, NULL, 1, 2, NULL),
(2935, '后勤工作', '领导班子与组织建设工作', 2, '5', '3.召开会议专题研究党风廉政建设', 7, 2023, '2023-12-19 22:48:01', '1', NULL, NULL, 0, NULL, 1, 4, NULL),
(2936, '财务工作', '领导班子与组织建设工作', 2, '8', '2.梳理年度任务分解清单中的各项任务落实情况', 7, 2023, '2023-12-19 22:48:01', '1', NULL, NULL, 0, NULL, 1, 1, NULL),
(2937, '教学工作', '党风廉政建设工作', 4, '9', '7.入党积极分子确定', 7, 2023, '2023-12-19 22:48:01', '1', NULL, NULL, 0, NULL, 1, 3, NULL),
(2938, '后勤工作', '领导班子与组织建设工作', 2, '6', '1.召开院党委会', 7, 2023, '2023-12-19 22:48:01', '1', NULL, NULL, 0, NULL, 1, 4, NULL),
(2939, '科研工作', '党风廉政建设工作', 1, '2', '10.召开院党委会、院党政联席会', 7, 2023, '2023-12-19 22:48:01', '1', NULL, NULL, 0, NULL, 1, 1, NULL),
(2940, '教学工作', '领导班子与组织建设工作', 2, '6', '5.各支部书记讲党课', 7, 2023, '2023-12-19 22:48:01', '1', NULL, NULL, 0, NULL, 1, 4, NULL),
(2941, '教学工作', '党风廉政建设工作', 1, '2', '5.梳理年度任务分解清单中的各项任务落实情况', 7, 2023, '2023-12-19 22:48:01', '1', NULL, NULL, 0, NULL, 1, 1, NULL),
(2942, '学生工作', '领导班子与组织建设工作', 2, '2', '3.梳理年度任务分解清单中的各项任务落实情况', 7, 2023, '2023-12-19 22:48:01', '1', NULL, NULL, 0, NULL, 1, 4, NULL),
(2943, '党建工作', '领导班子与组织建设工作', 3, '3', '9.召开院党委会', 7, 2023, '2023-12-19 22:48:01', '1', NULL, NULL, 0, NULL, 1, 1, NULL),
(2944, '财务工作', '党风廉政建设工作', 4, '4', '3.召开院党委会', 7, 2023, '2023-12-19 22:48:01', '1', NULL, NULL, 0, NULL, 1, 4, NULL),
(2945, '招生工作', '党风廉政建设工作', 1, '4', '6.专题研究部署工作', 7, 2023, '2023-12-19 22:48:01', '1', NULL, NULL, 0, NULL, 1, 2, NULL),
(2946, '科研工作', '党风廉政建设工作', 3, '8', '8.召开会议专题研究党风廉政建设', 7, 2023, '2023-12-19 22:48:01', '1', NULL, NULL, 0, NULL, 1, 2, NULL),
(2947, '科研工作', '领导班子与组织建设工作', 2, '2', '7.入党积极分子确定', 7, 2023, '2023-12-19 22:48:01', '1', NULL, NULL, 0, NULL, 1, 2, NULL),
(2948, '财务工作', '党风廉政建设工作', 3, '5', '9.入党积极分子确定', 7, 2023, '2023-12-19 22:48:01', '1', NULL, NULL, 0, NULL, 1, 4, NULL),
(2949, '学生工作', '领导班子与组织建设工作', 1, '1', '6.入党积极分子确定', 7, 2023, '2023-12-19 22:48:01', '1', NULL, NULL, 0, NULL, 1, 4, NULL),
(2950, '后勤工作', '领导班子与组织建设工作', 3, '6', '4.梳理年度任务分解清单中的各项任务落实情况', 7, 2023, '2023-12-19 22:48:01', '1', NULL, NULL, 0, NULL, 1, 4, NULL),
(2951, '后勤工作', '领导班子与组织建设工作', 3, '1', '6.召开院党委会、院党政联席会', 8, 2023, '2023-12-19 22:48:01', '1', NULL, NULL, 0, NULL, 1, 2, NULL),
(2952, '科研工作', '领导班子与组织建设工作', 1, '8', '10.专题研究部署工作', 8, 2023, '2023-12-19 22:48:01', '1', NULL, NULL, 0, NULL, 1, 2, NULL),
(2953, '财务工作', '领导班子与组织建设工作', 2, '3', '2.召开会议专题研究党风廉政建设', 8, 2023, '2023-12-19 22:48:01', '1', NULL, NULL, 0, NULL, 1, 4, NULL),
(2954, '党建工作', '领导班子与组织建设工作', 3, '7', '5.庆祝建党系列活动', 8, 2023, '2023-12-19 22:48:01', '1', NULL, NULL, 0, NULL, 1, 2, NULL),
(2955, '党建工作', '党风廉政建设工作', 1, '3', '1.召开院党委会、院党政联席会', 8, 2023, '2023-12-19 22:48:01', '1', NULL, NULL, 0, NULL, 1, 4, NULL),
(2956, '财务工作', '领导班子与组织建设工作', 1, '2', '2.召开院党委会、院党政联席会', 8, 2023, '2023-12-19 22:48:01', '1', NULL, NULL, 0, NULL, 1, 2, NULL),
(2957, '党建工作', '党风廉政建设工作', 1, '2', '6.召开院党委会', 8, 2023, '2023-12-19 22:48:01', '1', NULL, NULL, 0, NULL, 1, 4, NULL),
(2958, '后勤工作', '党风廉政建设工作', 4, '3', '3.庆祝建党系列活动', 8, 2023, '2023-12-19 22:48:01', '1', NULL, NULL, 0, NULL, 1, 3, NULL),
(2959, '学生工作', '领导班子与组织建设工作', 2, '5', '6.党员红色基地教育实践活动', 8, 2023, '2023-12-19 22:48:01', '1', NULL, NULL, 0, NULL, 1, 3, NULL),
(2960, '学生工作', '领导班子与组织建设工作', 4, '4', '7.召开院党委会', 8, 2023, '2023-12-19 22:48:01', '1', NULL, NULL, 0, NULL, 1, 3, NULL),
(2961, '招生工作', '党风廉政建设工作', 2, '2', '8.校党委专项检查工作', 8, 2023, '2023-12-19 22:48:01', '1', NULL, NULL, 0, NULL, 1, 1, NULL),
(2962, '教学工作', '领导班子与组织建设工作', 1, '2', '6.各支部书记讲党课', 8, 2023, '2023-12-19 22:48:01', '1', NULL, NULL, 0, NULL, 1, 3, NULL),
(2963, '党建工作', '党风廉政建设工作', 3, '9', '1.召开会议专题研究党风廉政建设', 8, 2023, '2023-12-19 22:48:01', '1', NULL, NULL, 0, NULL, 1, 1, NULL),
(2964, '学生工作', '党风廉政建设工作', 2, '1', '1.召开会议专题研究党风廉政建设', 8, 2023, '2023-12-19 22:48:01', '1', NULL, NULL, 0, NULL, 1, 2, NULL),
(2965, '后勤工作', '党风廉政建设工作', 1, '3', '2.召开院党委会、院党政联席会', 8, 2023, '2023-12-19 22:48:01', '1', NULL, NULL, 0, NULL, 1, 4, NULL),
(2966, '财务工作', '党风廉政建设工作', 4, '3', '5.校党委专项检查工作', 8, 2023, '2023-12-19 22:48:01', '1', NULL, NULL, 0, NULL, 1, 1, NULL),
(2967, '科研工作', '领导班子与组织建设工作', 4, '9', '10.召开院党委会', 8, 2023, '2023-12-19 22:48:01', '1', NULL, NULL, 0, NULL, 1, 1, NULL),
(2968, '教学工作', '领导班子与组织建设工作', 2, '1', '4.召开会议专题研究党风廉政建设', 8, 2023, '2023-12-19 22:48:01', '1', NULL, NULL, 0, NULL, 1, 3, NULL),
(2969, '学生工作', '领导班子与组织建设工作', 1, '6', '2.召开院党委会', 8, 2023, '2023-12-19 22:48:01', '1', NULL, NULL, 0, NULL, 1, 4, NULL),
(2970, '教学工作', '党风廉政建设工作', 4, '7', '9.专题研究部署工作', 8, 2023, '2023-12-19 22:48:01', '1', NULL, NULL, 0, NULL, 1, 1, NULL),
(2971, '科研工作', '领导班子与组织建设工作', 1, '5', '4.召开院党委会、院党政联席会', 8, 2023, '2023-12-19 22:48:01', '1', NULL, NULL, 0, NULL, 1, 4, NULL),
(2972, '科研工作', '党风廉政建设工作', 2, '7', '10.党员红色基地教育实践活动', 8, 2023, '2023-12-19 22:48:01', '1', NULL, NULL, 0, NULL, 1, 2, NULL),
(2973, '科研工作', '领导班子与组织建设工作', 3, '4', '8.梳理年度任务分解清单中的各项任务落实情况', 8, 2023, '2023-12-19 22:48:01', '1', NULL, NULL, 0, NULL, 1, 2, NULL),
(2974, '学生工作', '领导班子与组织建设工作', 3, '5', '5.召开院党委会', 8, 2023, '2023-12-19 22:48:01', '1', NULL, NULL, 0, NULL, 1, 2, NULL),
(2975, '财务工作', '领导班子与组织建设工作', 2, '2', '10.专题研究部署工作', 8, 2023, '2023-12-19 22:48:01', '1', NULL, NULL, 0, NULL, 1, 2, NULL),
(2976, '招生工作', '党风廉政建设工作', 4, '7', '4.党员红色基地教育实践活动', 8, 2023, '2023-12-19 22:48:01', '1', NULL, NULL, 0, NULL, 1, 3, NULL),
(2977, '党建工作', '领导班子与组织建设工作', 4, '5', '8.各支部书记讲党课', 8, 2023, '2023-12-19 22:48:01', '1', NULL, NULL, 0, NULL, 1, 1, NULL),
(2978, '学生工作', '党风廉政建设工作', 2, '6', '8.校党委专项检查工作', 8, 2023, '2023-12-19 22:48:01', '1', NULL, NULL, 0, NULL, 1, 1, NULL),
(2979, '党建工作', '党风廉政建设工作', 2, '5', '10.召开会议专题研究党风廉政建设', 8, 2023, '2023-12-19 22:48:01', '1', NULL, NULL, 0, NULL, 1, 4, NULL),
(2980, '科研工作', '党风廉政建设工作', 3, '9', '3.入党积极分子确定', 8, 2023, '2023-12-19 22:48:01', '1', NULL, NULL, 0, NULL, 1, 1, NULL),
(2981, '党建工作', '领导班子与组织建设工作', 4, '2', '5.梳理年度任务分解清单中的各项任务落实情况', 8, 2023, '2023-12-19 22:48:01', '1', NULL, NULL, 0, NULL, 1, 2, NULL),
(2982, '科研工作', '党风廉政建设工作', 1, '9', '6.党员红色基地教育实践活动', 8, 2023, '2023-12-19 22:48:01', '1', NULL, NULL, 0, NULL, 1, 3, NULL),
(2983, '党建工作', '党风廉政建设工作', 1, '8', '1.召开会议专题研究党风廉政建设', 8, 2023, '2023-12-19 22:48:01', '1', NULL, NULL, 0, NULL, 1, 4, NULL),
(2984, '后勤工作', '党风廉政建设工作', 1, '2', '3.校党委专项检查工作', 8, 2023, '2023-12-19 22:48:01', '1', NULL, NULL, 0, NULL, 1, 4, NULL),
(2985, '学生工作', '领导班子与组织建设工作', 3, '7', '6.召开院党委会、院党政联席会', 8, 2023, '2023-12-19 22:48:01', '1', NULL, NULL, 0, NULL, 1, 4, NULL),
(2986, '学生工作', '领导班子与组织建设工作', 2, '9', '6.入党积极分子确定', 8, 2023, '2023-12-19 22:48:01', '1', NULL, NULL, 0, NULL, 1, 2, NULL),
(2987, '党建工作', '党风廉政建设工作', 2, '6', '3.梳理年度任务分解清单中的各项任务落实情况', 8, 2023, '2023-12-19 22:48:01', '1', NULL, NULL, 0, NULL, 1, 2, NULL),
(2988, '党建工作', '党风廉政建设工作', 2, '3', '7.专题研究部署工作', 8, 2023, '2023-12-19 22:48:01', '1', NULL, NULL, 0, NULL, 1, 4, NULL),
(2989, '后勤工作', '党风廉政建设工作', 3, '5', '9.各支部书记讲党课', 8, 2023, '2023-12-19 22:48:01', '1', NULL, NULL, 0, NULL, 1, 3, NULL),
(2990, '后勤工作', '领导班子与组织建设工作', 1, '2', '6.召开会议专题研究党风廉政建设', 8, 2023, '2023-12-19 22:48:01', '1', NULL, NULL, 0, NULL, 1, 3, NULL),
(2991, '学生工作', '党风廉政建设工作', 3, '9', '7.召开院党委会', 8, 2023, '2023-12-19 22:48:01', '1', NULL, NULL, 0, NULL, 1, 1, NULL),
(2992, '党建工作', '领导班子与组织建设工作', 3, '5', '3.召开院党委会', 8, 2023, '2023-12-19 22:48:01', '1', NULL, NULL, 0, NULL, 1, 1, NULL),
(2993, '招生工作', '党风廉政建设工作', 1, '8', '3.召开院党委会、院党政联席会', 8, 2023, '2023-12-19 22:48:01', '1', NULL, NULL, 0, NULL, 1, 4, NULL),
(2994, '教学工作', '党风廉政建设工作', 3, '6', '3.各支部书记讲党课', 8, 2023, '2023-12-19 22:48:01', '1', NULL, NULL, 0, NULL, 1, 4, NULL),
(2995, '招生工作', '党风廉政建设工作', 1, '1', '9.各支部书记讲党课', 8, 2023, '2023-12-19 22:48:01', '1', NULL, NULL, 0, NULL, 1, 3, NULL),
(2996, '学生工作', '领导班子与组织建设工作', 2, '4', '6.梳理年度任务分解清单中的各项任务落实情况', 8, 2023, '2023-12-19 22:48:01', '1', NULL, NULL, 0, NULL, 1, 1, NULL),
(2997, '科研工作', '领导班子与组织建设工作', 1, '9', '3.校党委专项检查工作', 8, 2023, '2023-12-19 22:48:01', '1', NULL, NULL, 0, NULL, 1, 2, NULL),
(2998, '科研工作', '领导班子与组织建设工作', 1, '7', '6.梳理年度任务分解清单中的各项任务落实情况', 8, 2023, '2023-12-19 22:48:01', '1', NULL, NULL, 0, NULL, 1, 2, NULL),
(2999, '学生工作', '党风廉政建设工作', 3, '5', '9.专题研究部署工作', 8, 2023, '2023-12-19 22:48:01', '1', NULL, NULL, 0, NULL, 1, 1, NULL),
(3000, '党建工作', '党风廉政建设工作', 2, '5', '2.党员红色基地教育实践活动', 8, 2023, '2023-12-19 22:48:01', '1', NULL, NULL, 0, NULL, 1, 2, NULL),
(3001, '后勤工作', '领导班子与组织建设工作', 2, '4', '1.召开院党委会', 9, 2023, '2023-12-19 22:48:01', '1', NULL, NULL, 0, NULL, 1, 1, NULL),
(3002, '党建工作', '党风廉政建设工作', 1, '6', '4.召开院党委会', 9, 2023, '2023-12-19 22:48:01', '1', NULL, NULL, 0, NULL, 1, 2, NULL),
(3003, '后勤工作', '党风廉政建设工作', 1, '8', '9.庆祝建党系列活动', 9, 2023, '2023-12-19 22:48:01', '1', NULL, NULL, 0, NULL, 1, 4, NULL),
(3004, '教学工作', '党风廉政建设工作', 2, '4', '3.党员红色基地教育实践活动', 9, 2023, '2023-12-19 22:48:01', '1', NULL, NULL, 0, NULL, 1, 1, NULL),
(3005, '科研工作', '领导班子与组织建设工作', 1, '1', '10.专题研究部署工作', 9, 2023, '2023-12-19 22:48:01', '1', NULL, NULL, 0, NULL, 1, 3, NULL),
(3006, '教学工作', '党风廉政建设工作', 4, '6', '2.庆祝建党系列活动', 9, 2023, '2023-12-19 22:48:01', '1', NULL, NULL, 0, NULL, 1, 1, NULL),
(3007, '科研工作', '党风廉政建设工作', 4, '2', '3.校党委专项检查工作', 9, 2023, '2023-12-19 22:48:01', '1', NULL, NULL, 0, NULL, 1, 3, NULL),
(3008, '科研工作', '领导班子与组织建设工作', 3, '3', '10.校党委专项检查工作', 9, 2023, '2023-12-19 22:48:01', '1', NULL, NULL, 0, NULL, 1, 2, NULL),
(3009, '教学工作', '党风廉政建设工作', 2, '9', '8.党员红色基地教育实践活动', 9, 2023, '2023-12-19 22:48:01', '1', NULL, NULL, 0, NULL, 1, 3, NULL),
(3010, '后勤工作', '党风廉政建设工作', 2, '1', '10.党员红色基地教育实践活动', 9, 2023, '2023-12-19 22:48:01', '1', NULL, NULL, 0, NULL, 1, 3, NULL),
(3011, '招生工作', '党风廉政建设工作', 1, '3', '8.专题研究部署工作', 9, 2023, '2023-12-19 22:48:01', '1', NULL, NULL, 0, NULL, 1, 2, NULL),
(3012, '科研工作', '领导班子与组织建设工作', 2, '8', '6.庆祝建党系列活动', 9, 2023, '2023-12-19 22:48:01', '1', NULL, NULL, 0, NULL, 1, 1, NULL),
(3013, '学生工作', '党风廉政建设工作', 4, '1', '9.专题研究部署工作', 9, 2023, '2023-12-19 22:48:01', '1', NULL, NULL, 0, NULL, 1, 3, NULL),
(3014, '财务工作', '领导班子与组织建设工作', 4, '4', '6.召开院党委会、院党政联席会', 9, 2023, '2023-12-19 22:48:01', '1', NULL, NULL, 0, NULL, 1, 3, NULL),
(3015, '教学工作', '党风廉政建设工作', 3, '5', '3.各支部书记讲党课', 9, 2023, '2023-12-19 22:48:01', '1', NULL, NULL, 0, NULL, 1, 3, NULL),
(3016, '财务工作', '领导班子与组织建设工作', 2, '5', '8.入党积极分子确定', 9, 2023, '2023-12-19 22:48:01', '1', NULL, NULL, 0, NULL, 1, 4, NULL),
(3017, '党建工作', '党风廉政建设工作', 4, '1', '4.专题研究部署工作', 9, 2023, '2023-12-19 22:48:01', '1', NULL, NULL, 0, NULL, 1, 4, NULL),
(3018, '教学工作', '领导班子与组织建设工作', 4, '6', '2.召开院党委会、院党政联席会', 9, 2023, '2023-12-19 22:48:01', '1', NULL, NULL, 0, NULL, 1, 1, NULL),
(3019, '后勤工作', '领导班子与组织建设工作', 1, '5', '3.召开院党委会', 9, 2023, '2023-12-19 22:48:01', '1', NULL, NULL, 0, NULL, 1, 3, NULL),
(3020, '教学工作', '党风廉政建设工作', 3, '7', '3.校党委专项检查工作', 9, 2023, '2023-12-19 22:48:01', '1', NULL, NULL, 0, NULL, 1, 3, NULL),
(3021, '招生工作', '领导班子与组织建设工作', 3, '9', '5.入党积极分子确定', 9, 2023, '2023-12-19 22:48:01', '1', NULL, NULL, 0, NULL, 1, 4, NULL),
(3022, '党建工作', '党风廉政建设工作', 4, '9', '2.召开院党委会', 9, 2023, '2023-12-19 22:48:01', '1', NULL, NULL, 0, NULL, 1, 4, NULL),
(3023, '党建工作', '领导班子与组织建设工作', 1, '5', '7.校党委专项检查工作', 9, 2023, '2023-12-19 22:48:01', '1', NULL, NULL, 0, NULL, 1, 2, NULL),
(3024, '科研工作', '领导班子与组织建设工作', 3, '5', '1.校党委专项检查工作', 9, 2023, '2023-12-19 22:48:01', '1', NULL, NULL, 0, NULL, 1, 1, NULL),
(3025, '党建工作', '党风廉政建设工作', 1, '3', '10.庆祝建党系列活动', 9, 2023, '2023-12-19 22:48:01', '1', NULL, NULL, 0, NULL, 1, 2, NULL),
(3026, '科研工作', '党风廉政建设工作', 1, '7', '3.召开会议专题研究党风廉政建设', 9, 2023, '2023-12-19 22:48:01', '1', NULL, NULL, 0, NULL, 1, 3, NULL),
(3027, '科研工作', '党风廉政建设工作', 3, '2', '3.党员红色基地教育实践活动', 9, 2023, '2023-12-19 22:48:01', '1', NULL, NULL, 0, NULL, 1, 1, NULL),
(3028, '党建工作', '领导班子与组织建设工作', 2, '9', '2.梳理年度任务分解清单中的各项任务落实情况', 9, 2023, '2023-12-19 22:48:01', '1', NULL, NULL, 0, NULL, 1, 1, NULL),
(3029, '教学工作', '领导班子与组织建设工作', 3, '1', '10.庆祝建党系列活动', 9, 2023, '2023-12-19 22:48:01', '1', NULL, NULL, 0, NULL, 1, 3, NULL),
(3030, '科研工作', '领导班子与组织建设工作', 2, '2', '2.各支部书记讲党课', 9, 2023, '2023-12-19 22:48:01', '1', NULL, NULL, 0, NULL, 1, 4, NULL),
(3031, '学生工作', '党风廉政建设工作', 3, '3', '5.梳理年度任务分解清单中的各项任务落实情况', 9, 2023, '2023-12-19 22:48:01', '1', NULL, NULL, 0, NULL, 1, 3, NULL),
(3032, '学生工作', '党风廉政建设工作', 3, '5', '9.党员红色基地教育实践活动', 9, 2023, '2023-12-19 22:48:01', '1', NULL, NULL, 0, NULL, 1, 4, NULL),
(3033, '学生工作', '党风廉政建设工作', 1, '3', '1.专题研究部署工作', 9, 2023, '2023-12-19 22:48:01', '1', NULL, NULL, 0, NULL, 1, 3, NULL),
(3034, '后勤工作', '党风廉政建设工作', 3, '9', '4.召开院党委会、院党政联席会', 9, 2023, '2023-12-19 22:48:01', '1', NULL, NULL, 0, NULL, 1, 4, NULL),
(3035, '学生工作', '党风廉政建设工作', 1, '8', '10.各支部书记讲党课', 9, 2023, '2023-12-19 22:48:01', '1', NULL, NULL, 0, NULL, 1, 4, NULL),
(3036, '学生工作', '党风廉政建设工作', 1, '9', '6.梳理年度任务分解清单中的各项任务落实情况', 9, 2023, '2023-12-19 22:48:01', '1', NULL, NULL, 0, NULL, 1, 3, NULL),
(3037, '教学工作', '领导班子与组织建设工作', 1, '4', '4.梳理年度任务分解清单中的各项任务落实情况', 9, 2023, '2023-12-19 22:48:01', '1', NULL, NULL, 0, NULL, 1, 4, NULL),
(3038, '党建工作', '领导班子与组织建设工作', 4, '7', '4.召开院党委会、院党政联席会', 9, 2023, '2023-12-19 22:48:01', '1', NULL, NULL, 0, NULL, 1, 4, NULL),
(3039, '后勤工作', '党风廉政建设工作', 3, '3', '1.梳理年度任务分解清单中的各项任务落实情况', 9, 2023, '2023-12-19 22:48:01', '1', NULL, NULL, 0, NULL, 1, 3, NULL),
(3040, '科研工作', '领导班子与组织建设工作', 1, '3', '4.各支部书记讲党课', 9, 2023, '2023-12-19 22:48:01', '1', NULL, NULL, 0, NULL, 1, 4, NULL),
(3041, '后勤工作', '党风廉政建设工作', 2, '1', '8.梳理年度任务分解清单中的各项任务落实情况', 9, 2023, '2023-12-19 22:48:01', '1', NULL, NULL, 0, NULL, 1, 3, NULL),
(3042, '科研工作', '领导班子与组织建设工作', 2, '7', '6.各支部书记讲党课', 9, 2023, '2023-12-19 22:48:01', '1', NULL, NULL, 0, NULL, 1, 1, NULL),
(3043, '学生工作', '党风廉政建设工作', 4, '1', '4.庆祝建党系列活动', 9, 2023, '2023-12-19 22:48:01', '1', NULL, NULL, 0, NULL, 1, 3, NULL),
(3044, '学生工作', '党风廉政建设工作', 2, '8', '8.梳理年度任务分解清单中的各项任务落实情况', 9, 2023, '2023-12-19 22:48:01', '1', NULL, NULL, 0, NULL, 1, 1, NULL),
(3045, '党建工作', '领导班子与组织建设工作', 3, '9', '2.各支部书记讲党课', 9, 2023, '2023-12-19 22:48:01', '1', NULL, NULL, 0, NULL, 1, 3, NULL),
(3046, '学生工作', '党风廉政建设工作', 2, '5', '1.各支部书记讲党课', 9, 2023, '2023-12-19 22:48:01', '1', NULL, NULL, 0, NULL, 1, 4, NULL),
(3047, '科研工作', '领导班子与组织建设工作', 1, '6', '1.专题研究部署工作', 9, 2023, '2023-12-19 22:48:01', '1', NULL, NULL, 0, NULL, 1, 1, NULL),
(3048, '党建工作', '领导班子与组织建设工作', 2, '8', '9.党员红色基地教育实践活动', 9, 2023, '2023-12-19 22:48:01', '1', NULL, NULL, 0, NULL, 1, 4, NULL),
(3049, '招生工作', '领导班子与组织建设工作', 3, '4', '3.各支部书记讲党课', 9, 2023, '2023-12-19 22:48:01', '1', NULL, NULL, 0, NULL, 1, 1, NULL),
(3050, '科研工作', '领导班子与组织建设工作', 4, '1', '8.梳理年度任务分解清单中的各项任务落实情况', 9, 2023, '2023-12-19 22:48:01', '1', NULL, NULL, 0, NULL, 1, 1, NULL),
(3051, '财务工作', '领导班子与组织建设工作', 4, '4', '1.召开院党委会、院党政联席会', 10, 2023, '2023-12-19 22:48:01', '1', NULL, NULL, 0, NULL, 1, 2, NULL),
(3052, '招生工作', '领导班子与组织建设工作', 3, '7', '1.庆祝建党系列活动', 10, 2023, '2023-12-19 22:48:01', '1', NULL, NULL, 0, NULL, 1, 4, NULL),
(3053, '招生工作', '党风廉政建设工作', 3, '3', '4.庆祝建党系列活动', 10, 2023, '2023-12-19 22:48:01', '1', NULL, NULL, 0, NULL, 1, 3, NULL),
(3054, '后勤工作', '党风廉政建设工作', 3, '5', '8.各支部书记讲党课', 10, 2023, '2023-12-19 22:48:01', '1', NULL, NULL, 0, NULL, 1, 4, NULL),
(3055, '学生工作', '党风廉政建设工作', 4, '6', '2.梳理年度任务分解清单中的各项任务落实情况', 10, 2023, '2023-12-19 22:48:01', '1', NULL, NULL, 0, NULL, 1, 1, NULL),
(3056, '党建工作', '领导班子与组织建设工作', 4, '1', '7.各支部书记讲党课', 10, 2023, '2023-12-19 22:48:01', '1', NULL, NULL, 0, NULL, 1, 1, NULL),
(3057, '党建工作', '领导班子与组织建设工作', 1, '6', '2.党员红色基地教育实践活动', 10, 2023, '2023-12-19 22:48:01', '1', NULL, NULL, 0, NULL, 1, 3, NULL),
(3058, '科研工作', '领导班子与组织建设工作', 4, '2', '10.梳理年度任务分解清单中的各项任务落实情况', 10, 2023, '2023-12-19 22:48:01', '1', NULL, NULL, 0, NULL, 1, 4, NULL),
(3059, '党建工作', '党风廉政建设工作', 2, '7', '9.召开院党委会、院党政联席会', 10, 2023, '2023-12-19 22:48:01', '1', NULL, NULL, 0, NULL, 1, 4, NULL),
(3060, '招生工作', '领导班子与组织建设工作', 4, '5', '2.入党积极分子确定', 10, 2023, '2023-12-19 22:48:01', '1', NULL, NULL, 0, NULL, 1, 1, NULL),
(3061, '学生工作', '党风廉政建设工作', 1, '8', '4.入党积极分子确定', 10, 2023, '2023-12-19 22:48:01', '1', NULL, NULL, 0, NULL, 1, 2, NULL),
(3062, '后勤工作', '党风廉政建设工作', 4, '1', '5.召开院党委会', 10, 2023, '2023-12-19 22:48:01', '1', NULL, NULL, 0, NULL, 1, 3, NULL),
(3063, '财务工作', '党风廉政建设工作', 3, '5', '8.梳理年度任务分解清单中的各项任务落实情况', 10, 2023, '2023-12-19 22:48:01', '1', NULL, NULL, 0, NULL, 1, 1, NULL),
(3064, '学生工作', '领导班子与组织建设工作', 2, '5', '10.校党委专项检查工作', 10, 2023, '2023-12-19 22:48:01', '1', NULL, NULL, 0, NULL, 1, 3, NULL),
(3065, '招生工作', '领导班子与组织建设工作', 4, '1', '10.召开院党委会、院党政联席会', 10, 2023, '2023-12-19 22:48:01', '1', NULL, NULL, 0, NULL, 1, 4, NULL),
(3066, '后勤工作', '党风廉政建设工作', 1, '2', '6.入党积极分子确定', 10, 2023, '2023-12-19 22:48:01', '1', NULL, NULL, 0, NULL, 1, 4, NULL),
(3067, '教学工作', '党风廉政建设工作', 1, '8', '10.召开院党委会', 10, 2023, '2023-12-19 22:48:01', '1', NULL, NULL, 0, NULL, 1, 4, NULL),
(3068, '后勤工作', '领导班子与组织建设工作', 1, '7', '9.召开会议专题研究党风廉政建设', 10, 2023, '2023-12-19 22:48:01', '1', NULL, NULL, 0, NULL, 1, 4, NULL),
(3069, '教学工作', '党风廉政建设工作', 4, '9', '4.召开会议专题研究党风廉政建设', 10, 2023, '2023-12-19 22:48:01', '1', NULL, NULL, 0, NULL, 1, 1, NULL),
(3070, '教学工作', '党风廉政建设工作', 2, '7', '3.党员红色基地教育实践活动', 10, 2023, '2023-12-19 22:48:01', '1', NULL, NULL, 0, NULL, 1, 4, NULL),
(3071, '教学工作', '领导班子与组织建设工作', 4, '5', '8.召开院党委会', 10, 2023, '2023-12-19 22:48:01', '1', NULL, NULL, 0, NULL, 1, 1, NULL),
(3072, '党建工作', '领导班子与组织建设工作', 1, '9', '4.各支部书记讲党课', 10, 2023, '2023-12-19 22:48:01', '1', NULL, NULL, 0, NULL, 1, 1, NULL),
(3073, '学生工作', '领导班子与组织建设工作', 4, '2', '7.专题研究部署工作', 10, 2023, '2023-12-19 22:48:01', '1', NULL, NULL, 0, NULL, 1, 2, NULL),
(3074, '财务工作', '领导班子与组织建设工作', 1, '4', '3.校党委专项检查工作', 10, 2023, '2023-12-19 22:48:01', '1', NULL, NULL, 0, NULL, 1, 1, NULL),
(3075, '科研工作', '党风廉政建设工作', 2, '4', '8.入党积极分子确定', 10, 2023, '2023-12-19 22:48:01', '1', NULL, NULL, 0, NULL, 1, 3, NULL),
(3076, '学生工作', '领导班子与组织建设工作', 4, '8', '7.校党委专项检查工作', 10, 2023, '2023-12-19 22:48:01', '1', NULL, NULL, 0, NULL, 1, 1, NULL),
(3077, '党建工作', '领导班子与组织建设工作', 4, '8', '4.专题研究部署工作', 10, 2023, '2023-12-19 22:48:01', '1', NULL, NULL, 0, NULL, 1, 3, NULL),
(3078, '党建工作', '党风廉政建设工作', 4, '4', '6.专题研究部署工作', 10, 2023, '2023-12-19 22:48:01', '1', NULL, NULL, 0, NULL, 1, 1, NULL),
(3079, '党建工作', '党风廉政建设工作', 3, '7', '4.专题研究部署工作', 10, 2023, '2023-12-19 22:48:01', '1', NULL, NULL, 0, NULL, 1, 4, NULL),
(3080, '党建工作', '党风廉政建设工作', 1, '3', '8.各支部书记讲党课', 10, 2023, '2023-12-19 22:48:01', '1', NULL, NULL, 0, NULL, 1, 3, NULL),
(3081, '教学工作', '领导班子与组织建设工作', 2, '5', '2.各支部书记讲党课', 10, 2023, '2023-12-19 22:48:01', '1', NULL, NULL, 0, NULL, 1, 2, NULL),
(3082, '后勤工作', '领导班子与组织建设工作', 3, '7', '8.入党积极分子确定', 10, 2023, '2023-12-19 22:48:01', '1', NULL, NULL, 0, NULL, 1, 3, NULL),
(3083, '招生工作', '党风廉政建设工作', 3, '3', '9.专题研究部署工作', 10, 2023, '2023-12-19 22:48:01', '1', NULL, NULL, 0, NULL, 1, 3, NULL),
(3084, '党建工作', '党风廉政建设工作', 3, '2', '4.入党积极分子确定', 10, 2023, '2023-12-19 22:48:01', '1', NULL, NULL, 0, NULL, 1, 4, NULL),
(3085, '科研工作', '领导班子与组织建设工作', 2, '1', '4.召开院党委会、院党政联席会', 10, 2023, '2023-12-19 22:48:01', '1', NULL, NULL, 0, NULL, 1, 3, NULL),
(3086, '党建工作', '党风廉政建设工作', 4, '6', '3.校党委专项检查工作', 10, 2023, '2023-12-19 22:48:01', '1', NULL, NULL, 0, NULL, 1, 2, NULL),
(3087, '教学工作', '领导班子与组织建设工作', 2, '8', '9.召开院党委会', 10, 2023, '2023-12-19 22:48:01', '1', NULL, NULL, 0, NULL, 1, 1, NULL),
(3088, '科研工作', '领导班子与组织建设工作', 4, '4', '7.党员红色基地教育实践活动', 10, 2023, '2023-12-19 22:48:01', '1', NULL, NULL, 0, NULL, 1, 1, NULL),
(3089, '财务工作', '领导班子与组织建设工作', 1, '6', '6.召开院党委会、院党政联席会', 10, 2023, '2023-12-19 22:48:01', '1', NULL, NULL, 0, NULL, 1, 1, NULL),
(3090, '招生工作', '领导班子与组织建设工作', 3, '4', '10.各支部书记讲党课', 10, 2023, '2023-12-19 22:48:01', '1', NULL, NULL, 0, NULL, 1, 3, NULL),
(3091, '学生工作', '领导班子与组织建设工作', 2, '5', '1.庆祝建党系列活动', 10, 2023, '2023-12-19 22:48:01', '1', NULL, NULL, 0, NULL, 1, 3, NULL),
(3092, '科研工作', '党风廉政建设工作', 2, '8', '6.召开院党委会', 10, 2023, '2023-12-19 22:48:01', '1', NULL, NULL, 0, NULL, 1, 3, NULL),
(3093, '后勤工作', '党风廉政建设工作', 2, '2', '8.庆祝建党系列活动', 10, 2023, '2023-12-19 22:48:01', '1', NULL, NULL, 0, NULL, 1, 3, NULL),
(3094, '科研工作', '领导班子与组织建设工作', 3, '2', '10.入党积极分子确定', 10, 2023, '2023-12-19 22:48:01', '1', NULL, NULL, 0, NULL, 1, 2, NULL),
(3095, '科研工作', '领导班子与组织建设工作', 2, '8', '1.专题研究部署工作', 10, 2023, '2023-12-19 22:48:01', '1', NULL, NULL, 0, NULL, 1, 3, NULL),
(3096, '招生工作', '党风廉政建设工作', 1, '2', '2.召开会议专题研究党风廉政建设', 10, 2023, '2023-12-19 22:48:01', '1', NULL, NULL, 0, NULL, 1, 1, NULL),
(3097, '后勤工作', '领导班子与组织建设工作', 2, '5', '4.召开院党委会、院党政联席会', 10, 2023, '2023-12-19 22:48:01', '1', NULL, NULL, 0, NULL, 1, 1, NULL),
(3098, '科研工作', '领导班子与组织建设工作', 1, '9', '9.各支部书记讲党课', 10, 2023, '2023-12-19 22:48:01', '1', NULL, NULL, 0, NULL, 1, 4, NULL),
(3099, '教学工作', '领导班子与组织建设工作', 2, '4', '8.召开院党委会', 10, 2023, '2023-12-19 22:48:01', '1', NULL, NULL, 0, NULL, 1, 1, NULL),
(3100, '后勤工作', '领导班子与组织建设工作', 4, '1', '1.入党积极分子确定', 10, 2023, '2023-12-19 22:48:01', '1', NULL, NULL, 0, NULL, 1, 2, NULL),
(3101, '党建工作', '领导班子与组织建设工作', 2, '1', '2.各支部书记讲党课', 11, 2023, '2023-12-19 22:48:01', '1', NULL, NULL, 0, NULL, 1, 4, NULL),
(3102, '后勤工作', '领导班子与组织建设工作', 4, '9', '6.庆祝建党系列活动', 11, 2023, '2023-12-19 22:48:01', '1', NULL, NULL, 0, NULL, 1, 1, NULL),
(3103, '学生工作', '领导班子与组织建设工作', 4, '9', '6.入党积极分子确定', 11, 2023, '2023-12-19 22:48:01', '1', NULL, NULL, 0, NULL, 1, 4, NULL),
(3104, '科研工作', '党风廉政建设工作', 4, '2', '7.专题研究部署工作', 11, 2023, '2023-12-19 22:48:01', '1', NULL, NULL, 0, NULL, 1, 3, NULL),
(3105, '科研工作', '领导班子与组织建设工作', 4, '5', '9.召开院党委会', 11, 2023, '2023-12-19 22:48:01', '1', NULL, NULL, 0, NULL, 1, 1, NULL),
(3106, '学生工作', '党风廉政建设工作', 4, '5', '7.召开院党委会、院党政联席会', 11, 2023, '2023-12-19 22:48:01', '1', NULL, NULL, 0, NULL, 1, 2, NULL),
(3107, '党建工作', '领导班子与组织建设工作', 4, '1', '8.入党积极分子确定', 11, 2023, '2023-12-19 22:48:01', '1', NULL, NULL, 0, NULL, 1, 4, NULL),
(3108, '财务工作', '党风廉政建设工作', 4, '9', '6.召开院党委会、院党政联席会', 11, 2023, '2023-12-19 22:48:01', '1', NULL, NULL, 0, NULL, 1, 2, NULL),
(3109, '党建工作', '党风廉政建设工作', 2, '1', '2.召开院党委会、院党政联席会', 11, 2023, '2023-12-19 22:48:01', '1', NULL, NULL, 0, NULL, 1, 3, NULL),
(3110, '党建工作', '党风廉政建设工作', 2, '3', '1.各支部书记讲党课', 11, 2023, '2023-12-19 22:48:01', '1', NULL, NULL, 0, NULL, 1, 1, NULL),
(3111, '学生工作', '领导班子与组织建设工作', 3, '8', '7.召开院党委会', 11, 2023, '2023-12-19 22:48:01', '1', NULL, NULL, 0, NULL, 1, 2, NULL),
(3112, '科研工作', '党风廉政建设工作', 4, '2', '9.庆祝建党系列活动', 11, 2023, '2023-12-19 22:48:01', '1', NULL, NULL, 0, NULL, 1, 3, NULL),
(3113, '科研工作', '领导班子与组织建设工作', 4, '4', '6.校党委专项检查工作', 11, 2023, '2023-12-19 22:48:01', '1', NULL, NULL, 0, NULL, 1, 2, NULL),
(3114, '党建工作', '领导班子与组织建设工作', 4, '7', '6.召开会议专题研究党风廉政建设', 11, 2023, '2023-12-19 22:48:01', '1', NULL, NULL, 0, NULL, 1, 1, NULL),
(3115, '教学工作', '党风廉政建设工作', 4, '8', '9.召开院党委会、院党政联席会', 11, 2023, '2023-12-19 22:48:01', '1', NULL, NULL, 0, NULL, 1, 3, NULL),
(3116, '后勤工作', '党风廉政建设工作', 4, '8', '5.校党委专项检查工作', 11, 2023, '2023-12-19 22:48:01', '1', NULL, NULL, 0, NULL, 1, 3, NULL),
(3117, '财务工作', '领导班子与组织建设工作', 3, '1', '9.入党积极分子确定', 11, 2023, '2023-12-19 22:48:01', '1', NULL, NULL, 0, NULL, 1, 3, NULL),
(3118, '招生工作', '党风廉政建设工作', 2, '3', '4.入党积极分子确定', 11, 2023, '2023-12-19 22:48:01', '1', NULL, NULL, 0, NULL, 1, 2, NULL),
(3119, '招生工作', '党风廉政建设工作', 4, '2', '7.专题研究部署工作', 11, 2023, '2023-12-19 22:48:01', '1', NULL, NULL, 0, NULL, 1, 1, NULL),
(3120, '科研工作', '党风廉政建设工作', 4, '1', '8.庆祝建党系列活动', 11, 2023, '2023-12-19 22:48:01', '1', NULL, NULL, 0, NULL, 1, 2, NULL),
(3121, '党建工作', '领导班子与组织建设工作', 2, '5', '1.庆祝建党系列活动', 11, 2023, '2023-12-19 22:48:01', '1', NULL, NULL, 0, NULL, 1, 2, NULL),
(3122, '招生工作', '领导班子与组织建设工作', 4, '8', '2.校党委专项检查工作', 11, 2023, '2023-12-19 22:48:01', '1', NULL, NULL, 0, NULL, 1, 2, NULL),
(3123, '学生工作', '领导班子与组织建设工作', 4, '6', '7.各支部书记讲党课', 11, 2023, '2023-12-19 22:48:01', '1', NULL, NULL, 0, NULL, 1, 1, NULL),
(3124, '学生工作', '领导班子与组织建设工作', 2, '3', '4.梳理年度任务分解清单中的各项任务落实情况', 11, 2023, '2023-12-19 22:48:01', '1', NULL, NULL, 0, NULL, 1, 3, NULL),
(3125, '教学工作', '党风廉政建设工作', 2, '5', '9.党员红色基地教育实践活动', 11, 2023, '2023-12-19 22:48:01', '1', NULL, NULL, 0, NULL, 1, 4, NULL),
(3126, '党建工作', '党风廉政建设工作', 3, '9', '10.召开会议专题研究党风廉政建设', 11, 2023, '2023-12-19 22:48:01', '1', NULL, NULL, 0, NULL, 1, 4, NULL),
(3127, '教学工作', '党风廉政建设工作', 4, '2', '9.召开院党委会', 11, 2023, '2023-12-19 22:48:01', '1', NULL, NULL, 0, NULL, 1, 1, NULL),
(3128, '后勤工作', '党风廉政建设工作', 4, '3', '1.召开会议专题研究党风廉政建设', 11, 2023, '2023-12-19 22:48:01', '1', NULL, NULL, 0, NULL, 1, 4, NULL),
(3129, '教学工作', '领导班子与组织建设工作', 3, '6', '5.校党委专项检查工作', 11, 2023, '2023-12-19 22:48:01', '1', NULL, NULL, 0, NULL, 1, 4, NULL),
(3130, '财务工作', '领导班子与组织建设工作', 1, '9', '10.召开院党委会、院党政联席会', 11, 2023, '2023-12-19 22:48:01', '1', NULL, NULL, 0, NULL, 1, 2, NULL),
(3131, '教学工作', '党风廉政建设工作', 2, '3', '1.专题研究部署工作', 11, 2023, '2023-12-19 22:48:01', '1', NULL, NULL, 0, NULL, 1, 4, NULL),
(3132, '招生工作', '领导班子与组织建设工作', 1, '3', '9.党员红色基地教育实践活动', 11, 2023, '2023-12-19 22:48:01', '1', NULL, NULL, 0, NULL, 1, 2, NULL),
(3133, '财务工作', '党风廉政建设工作', 2, '5', '8.庆祝建党系列活动', 11, 2023, '2023-12-19 22:48:01', '1', NULL, NULL, 0, NULL, 1, 1, NULL),
(3134, '教学工作', '领导班子与组织建设工作', 1, '8', '8.专题研究部署工作', 11, 2023, '2023-12-19 22:48:01', '1', NULL, NULL, 0, NULL, 1, 4, NULL),
(3135, '后勤工作', '党风廉政建设工作', 1, '7', '3.召开院党委会、院党政联席会', 11, 2023, '2023-12-19 22:48:01', '1', NULL, NULL, 0, NULL, 1, 4, NULL),
(3136, '学生工作', '领导班子与组织建设工作', 4, '3', '2.专题研究部署工作', 11, 2023, '2023-12-19 22:48:01', '1', NULL, NULL, 0, NULL, 1, 4, NULL),
(3137, '科研工作', '党风廉政建设工作', 2, '8', '8.入党积极分子确定', 11, 2023, '2023-12-19 22:48:01', '1', NULL, NULL, 0, NULL, 1, 4, NULL),
(3138, '财务工作', '领导班子与组织建设工作', 2, '9', '3.各支部书记讲党课', 11, 2023, '2023-12-19 22:48:01', '1', NULL, NULL, 0, NULL, 1, 3, NULL),
(3139, '招生工作', '领导班子与组织建设工作', 3, '9', '4.专题研究部署工作', 11, 2023, '2023-12-19 22:48:01', '1', NULL, NULL, 0, NULL, 1, 2, NULL),
(3140, '科研工作', '领导班子与组织建设工作', 3, '4', '6.专题研究部署工作', 11, 2023, '2023-12-19 22:48:01', '1', NULL, NULL, 0, NULL, 1, 3, NULL),
(3141, '党建工作', '领导班子与组织建设工作', 4, '1', '7.党员红色基地教育实践活动', 11, 2023, '2023-12-19 22:48:01', '1', NULL, NULL, 0, NULL, 1, 3, NULL),
(3142, '后勤工作', '领导班子与组织建设工作', 3, '3', '1.各支部书记讲党课', 11, 2023, '2023-12-19 22:48:01', '1', NULL, NULL, 0, NULL, 1, 2, NULL),
(3143, '教学工作', '领导班子与组织建设工作', 2, '1', '10.党员红色基地教育实践活动', 11, 2023, '2023-12-19 22:48:01', '1', NULL, NULL, 0, NULL, 1, 2, NULL),
(3144, '科研工作', '领导班子与组织建设工作', 3, '4', '6.入党积极分子确定', 11, 2023, '2023-12-19 22:48:01', '1', NULL, NULL, 0, NULL, 1, 1, NULL),
(3145, '科研工作', '党风廉政建设工作', 4, '3', '9.专题研究部署工作', 11, 2023, '2023-12-19 22:48:01', '1', NULL, NULL, 0, NULL, 1, 4, NULL),
(3146, '学生工作', '党风廉政建设工作', 1, '4', '8.召开院党委会', 11, 2023, '2023-12-19 22:48:01', '1', NULL, NULL, 0, NULL, 1, 3, NULL),
(3147, '教学工作', '党风廉政建设工作', 1, '4', '6.专题研究部署工作', 11, 2023, '2023-12-19 22:48:01', '1', NULL, NULL, 0, NULL, 1, 2, NULL),
(3148, '财务工作', '领导班子与组织建设工作', 4, '8', '10.召开院党委会', 11, 2023, '2023-12-19 22:48:01', '1', NULL, NULL, 0, NULL, 1, 4, NULL),
(3149, '教学工作', '党风廉政建设工作', 3, '5', '5.庆祝建党系列活动', 11, 2023, '2023-12-19 22:48:01', '1', NULL, NULL, 0, NULL, 1, 4, NULL),
(3150, '财务工作', '党风廉政建设工作', 1, '2', '7.党员红色基地教育实践活动', 11, 2023, '2023-12-19 22:48:01', '1', NULL, NULL, 0, NULL, 1, 3, NULL),
(3151, '教学工作', '领导班子与组织建设工作', 4, '5', '7.召开会议专题研究党风廉政建设', 12, 2023, '2023-12-19 22:48:01', '1', NULL, NULL, 0, NULL, 1, 4, NULL),
(3152, '招生工作', '党风廉政建设工作', 4, '3', '2.入党积极分子确定', 12, 2023, '2023-12-19 22:48:01', '1', NULL, NULL, 0, NULL, 1, 3, NULL),
(3153, '教学工作', '领导班子与组织建设工作', 1, '6', '7.入党积极分子确定', 12, 2023, '2023-12-19 22:48:01', '1', NULL, NULL, 0, NULL, 1, 3, NULL),
(3154, '科研工作', '领导班子与组织建设工作', 3, '3', '3.召开院党委会、院党政联席会', 12, 2023, '2023-12-19 22:48:01', '1', NULL, NULL, 0, NULL, 1, 4, NULL),
(3155, '财务工作', '党风廉政建设工作', 1, '8', '8.专题研究部署工作', 12, 2023, '2023-12-19 22:48:01', '1', NULL, NULL, 0, NULL, 1, 3, NULL),
(3156, '科研工作', '领导班子与组织建设工作', 2, '7', '5.校党委专项检查工作', 12, 2023, '2023-12-19 22:48:01', '1', NULL, NULL, 0, NULL, 1, 4, NULL),
(3157, '教学工作', '领导班子与组织建设工作', 4, '1', '10.庆祝建党系列活动', 12, 2023, '2023-12-19 22:48:01', '1', NULL, NULL, 0, NULL, 1, 2, NULL),
(3158, '学生工作', '党风廉政建设工作', 1, '5', '4.梳理年度任务分解清单中的各项任务落实情况', 12, 2023, '2023-12-19 22:48:01', '1', NULL, NULL, 0, NULL, 1, 1, NULL),
(3159, '招生工作', '党风廉政建设工作', 1, '7', '5.召开院党委会', 12, 2023, '2023-12-19 22:48:01', '1', NULL, NULL, 0, NULL, 1, 4, NULL),
(3160, '招生工作', '党风廉政建设工作', 3, '7', '2.校党委专项检查工作', 12, 2023, '2023-12-19 22:48:01', '1', NULL, NULL, 0, NULL, 1, 1, NULL),
(3161, '学生工作', '领导班子与组织建设工作', 2, '2', '1.召开院党委会、院党政联席会', 12, 2023, '2023-12-19 22:48:01', '1', NULL, NULL, 0, NULL, 1, 3, NULL),
(3162, '教学工作', '党风廉政建设工作', 1, '9', '5.梳理年度任务分解清单中的各项任务落实情况', 12, 2023, '2023-12-19 22:48:01', '1', NULL, NULL, 0, NULL, 1, 2, NULL),
(3163, '招生工作', '领导班子与组织建设工作', 1, '9', '9.召开院党委会', 12, 2023, '2023-12-19 22:48:01', '1', NULL, NULL, 0, NULL, 1, 4, NULL),
(3164, '后勤工作', '领导班子与组织建设工作', 1, '1', '3.召开院党委会、院党政联席会', 12, 2023, '2023-12-19 22:48:01', '1', NULL, NULL, 0, NULL, 1, 2, NULL),
(3165, '招生工作', '领导班子与组织建设工作', 2, '7', '10.梳理年度任务分解清单中的各项任务落实情况', 12, 2023, '2023-12-19 22:48:01', '1', NULL, NULL, 0, NULL, 1, 2, NULL),
(3166, '财务工作', '党风廉政建设工作', 3, '4', '6.召开会议专题研究党风廉政建设', 12, 2023, '2023-12-19 22:48:01', '1', NULL, NULL, 0, NULL, 1, 4, NULL),
(3167, '党建工作', '领导班子与组织建设工作', 2, '2', '10.校党委专项检查工作', 12, 2023, '2023-12-19 22:48:01', '1', NULL, NULL, 0, NULL, 1, 4, NULL),
(3168, '招生工作', '党风廉政建设工作', 1, '8', '8.专题研究部署工作', 12, 2023, '2023-12-19 22:48:01', '1', NULL, NULL, 0, NULL, 1, 1, NULL),
(3169, '后勤工作', '党风廉政建设工作', 1, '1', '1.专题研究部署工作', 12, 2023, '2023-12-19 22:48:01', '1', NULL, NULL, 0, NULL, 1, 2, NULL),
(3170, '党建工作', '党风廉政建设工作', 2, '4', '2.召开院党委会', 12, 2023, '2023-12-19 22:48:01', '1', NULL, NULL, 0, NULL, 1, 4, NULL),
(3171, '财务工作', '党风廉政建设工作', 4, '9', '3.召开会议专题研究党风廉政建设', 12, 2023, '2023-12-19 22:48:01', '1', NULL, NULL, 0, NULL, 1, 1, NULL),
(3172, '财务工作', '领导班子与组织建设工作', 1, '1', '10.召开会议专题研究党风廉政建设', 12, 2023, '2023-12-19 22:48:01', '1', NULL, NULL, 0, NULL, 1, 1, NULL),
(3173, '教学工作', '党风廉政建设工作', 3, '3', '9.梳理年度任务分解清单中的各项任务落实情况', 12, 2023, '2023-12-19 22:48:01', '1', NULL, NULL, 0, NULL, 1, 3, NULL),
(3174, '招生工作', '党风廉政建设工作', 3, '3', '8.庆祝建党系列活动', 12, 2023, '2023-12-19 22:48:01', '1', NULL, NULL, 0, NULL, 1, 3, NULL),
(3175, '党建工作', '党风廉政建设工作', 4, '5', '7.党员红色基地教育实践活动', 12, 2023, '2023-12-19 22:48:01', '1', NULL, NULL, 0, NULL, 1, 3, NULL),
(3176, '财务工作', '领导班子与组织建设工作', 3, '8', '10.召开会议专题研究党风廉政建设', 12, 2023, '2023-12-19 22:48:01', '1', NULL, NULL, 0, NULL, 1, 3, NULL),
(3177, '学生工作', '领导班子与组织建设工作', 1, '8', '9.召开院党委会', 12, 2023, '2023-12-19 22:48:01', '1', NULL, NULL, 0, NULL, 1, 4, NULL),
(3178, '党建工作', '党风廉政建设工作', 2, '2', '1.梳理年度任务分解清单中的各项任务落实情况', 12, 2023, '2023-12-19 22:48:01', '1', NULL, NULL, 0, NULL, 1, 1, NULL),
(3179, '财务工作', '领导班子与组织建设工作', 4, '3', '2.党员红色基地教育实践活动', 12, 2023, '2023-12-19 22:48:01', '1', NULL, NULL, 0, NULL, 1, 1, NULL),
(3180, '教学工作', '党风廉政建设工作', 2, '7', '4.专题研究部署工作', 12, 2023, '2023-12-19 22:48:01', '1', NULL, NULL, 0, NULL, 1, 1, NULL),
(3181, '财务工作', '领导班子与组织建设工作', 2, '7', '10.召开会议专题研究党风廉政建设', 12, 2023, '2023-12-19 22:48:01', '1', NULL, NULL, 0, NULL, 1, 1, NULL),
(3182, '党建工作', '党风廉政建设工作', 4, '7', '4.召开院党委会、院党政联席会', 12, 2023, '2023-12-19 22:48:01', '1', NULL, NULL, 0, NULL, 1, 1, NULL),
(3183, '教学工作', '领导班子与组织建设工作', 2, '8', '1.专题研究部署工作', 12, 2023, '2023-12-19 22:48:01', '1', NULL, NULL, 0, NULL, 1, 4, NULL),
(3184, '党建工作', '党风廉政建设工作', 1, '8', '9.庆祝建党系列活动', 12, 2023, '2023-12-19 22:48:01', '1', NULL, NULL, 0, NULL, 1, 2, NULL),
(3185, '后勤工作', '党风廉政建设工作', 2, '3', '4.召开会议专题研究党风廉政建设', 12, 2023, '2023-12-19 22:48:01', '1', NULL, NULL, 0, NULL, 1, 3, NULL),
(3186, '科研工作', '领导班子与组织建设工作', 1, '9', '3.召开会议专题研究党风廉政建设', 12, 2023, '2023-12-19 22:48:01', '1', NULL, NULL, 0, NULL, 1, 4, NULL),
(3187, '科研工作', '领导班子与组织建设工作', 4, '6', '3.召开院党委会', 12, 2023, '2023-12-19 22:48:01', '1', NULL, NULL, 0, NULL, 1, 1, NULL),
(3188, '后勤工作', '领导班子与组织建设工作', 4, '1', '8.校党委专项检查工作', 12, 2023, '2023-12-19 22:48:01', '1', NULL, NULL, 0, NULL, 1, 2, NULL),
(3189, '科研工作', '领导班子与组织建设工作', 1, '5', '4.召开会议专题研究党风廉政建设', 12, 2023, '2023-12-19 22:48:01', '1', NULL, NULL, 0, NULL, 1, 2, NULL),
(3190, '科研工作', '党风廉政建设工作', 4, '1', '5.召开院党委会', 12, 2023, '2023-12-19 22:48:01', '1', NULL, NULL, 0, NULL, 1, 4, NULL),
(3191, '招生工作', '领导班子与组织建设工作', 4, '8', '6.召开院党委会', 12, 2023, '2023-12-19 22:48:01', '1', NULL, NULL, 0, NULL, 1, 1, NULL),
(3192, '科研工作', '党风廉政建设工作', 2, '7', '5.校党委专项检查工作', 12, 2023, '2023-12-19 22:48:01', '1', NULL, NULL, 0, NULL, 1, 1, NULL),
(3193, '招生工作', '党风廉政建设工作', 4, '4', '4.召开院党委会、院党政联席会', 12, 2023, '2023-12-19 22:48:01', '1', NULL, NULL, 0, NULL, 1, 2, NULL),
(3194, '教学工作', '领导班子与组织建设工作', 3, '4', '8.召开会议专题研究党风廉政建设', 12, 2023, '2023-12-19 22:48:01', '1', NULL, NULL, 0, NULL, 1, 2, NULL),
(3195, '学生工作', '领导班子与组织建设工作', 4, '4', '2.梳理年度任务分解清单中的各项任务落实情况', 12, 2023, '2023-12-19 22:48:01', '1', NULL, NULL, 0, NULL, 1, 1, NULL),
(3196, '招生工作', '党风廉政建设工作', 1, '2', '7.庆祝建党系列活动', 12, 2023, '2023-12-19 22:48:01', '1', NULL, NULL, 0, NULL, 1, 1, NULL),
(3197, '学生工作', '党风廉政建设工作', 2, '8', '6.召开院党委会', 12, 2023, '2023-12-19 22:48:01', '1', NULL, NULL, 0, NULL, 1, 1, NULL),
(3198, '后勤工作', '党风廉政建设工作', 3, '4', '10.专题研究部署工作', 12, 2023, '2023-12-19 22:48:01', '1', NULL, NULL, 0, NULL, 1, 3, NULL),
(3199, '党建工作', '领导班子与组织建设工作', 3, '8', '9.专题研究部署工作', 12, 2023, '2023-12-19 22:48:01', '1', NULL, NULL, 0, NULL, 1, 3, NULL),
(3200, '科研工作', '领导班子与组织建设工作', 1, '9', '7.专题研究部署工作', 12, 2023, '2023-12-19 22:48:01', '1', NULL, NULL, 0, NULL, 1, 3, NULL);


/*!40101 SET SQL_MODE=@OLD_SQL_MODE */;
/*!40014 SET FOREIGN_KEY_CHECKS=@OLD_FOREIGN_KEY_CHECKS */;
/*!40014 SET UNIQUE_CHECKS=@OLD_UNIQUE_CHECKS */;
/*!40111 SET SQL_NOTES=@OLD_SQL_NOTES */;
